YEAR,name,REFERENCE PERIOD,COMMODITY,PRODN PRACTICE,AREA HARVESTED in ACRES,tons-produced,dollars,price-per-ton,yield-tons-per-acre
2012,Alabama,YEAR,HAY,ALL PRODUCTION PRACTICES,"860,000",2236000,194532000,87,2.6
2012,Alaska,YEAR,HAY,ALL PRODUCTION PRACTICES,"22,000",27000,8505000,315,1.23
2012,Arizona,YEAR,HAY,ALL PRODUCTION PRACTICES,"295,000",2316000,513168000,221,7.85
2012,Arkansas,YEAR,HAY,ALL PRODUCTION PRACTICES,"1,450,000",1748000,232416000,132,1.21
2012,California,YEAR,HAY,ALL PRODUCTION PRACTICES,"1,550,000",8715000,1782705000,204,5.62
2012,Colorado,YEAR,HAY,ALL PRODUCTION PRACTICES,"1,460,000",3761000,862957000,229,2.58
2012,Connecticut,YEAR,HAY,ALL PRODUCTION PRACTICES,"58,000",118000,27917000,236,2.03
2012,Delaware,YEAR,HAY,ALL PRODUCTION PRACTICES,"16,000",42000,10032000,238,2.63
2012,Florida,YEAR,HAY,ALL PRODUCTION PRACTICES,"320,000",736000,122912000,167,2.3
2012,Georgia,YEAR,HAY,ALL PRODUCTION PRACTICES,"580,000",1450000,85550000,59,2.5
2012,Idaho,YEAR,HAY,ALL PRODUCTION PRACTICES,"1,340,000",4760000,880320000,184,3.55
2012,Illinois,YEAR,HAY,ALL PRODUCTION PRACTICES,"580,000",1490000,223840000,150,2.57
2012,Indiana,YEAR,HAY,ALL PRODUCTION PRACTICES,"630,000",1477000,307335000,208,2.34
2012,Iowa,YEAR,HAY,ALL PRODUCTION PRACTICES,"1,140,000",2814000,519638000,184,2.47
2012,Kansas,YEAR,HAY,ALL PRODUCTION PRACTICES,"2,750,000",4340000,707840000,163,1.58
2012,Kentucky,YEAR,HAY,ALL PRODUCTION PRACTICES,"2,380,000",4922000,478624000,97,2.07
2012,Louisiana,YEAR,HAY,ALL PRODUCTION PRACTICES,"460,000",1242000,149040000,120,2.7
2012,Maine,YEAR,HAY,ALL PRODUCTION PRACTICES,"130,000",206000,37738000,183,1.58
2012,Maryland,YEAR,HAY,ALL PRODUCTION PRACTICES,"205,000",514000,120167000,233,2.51
2012,Massachusetts,YEAR,HAY,ALL PRODUCTION PRACTICES,"69,000",142000,31028000,218,2.06
2012,Michigan,YEAR,HAY,ALL PRODUCTION PRACTICES,"970,000",1851000,297045000,160,1.91
2012,Minnesota,YEAR,HAY,ALL PRODUCTION PRACTICES,"1,750,000",3995000,628235000,157,2.28
2012,Mississippi,YEAR,HAY,ALL PRODUCTION PRACTICES,"750,000",1950000,138450000,71,2.6
2012,Missouri,YEAR,HAY,ALL PRODUCTION PRACTICES,"3,660,000",5254000,534026000,101,1.44
2012,Montana,YEAR,HAY,ALL PRODUCTION PRACTICES,"2,200,000",4120000,551040000,133,1.87
2012,Nebraska,YEAR,HAY,ALL PRODUCTION PRACTICES,"2,570,000",4072000,750336000,184,1.58
2012,Nevada,YEAR,HAY,ALL PRODUCTION PRACTICES,"415,000",1336000,267096000,199,3.22
2012,New Hampshire,YEAR,HAY,ALL PRODUCTION PRACTICES,"52,000",99000,20963000,211,1.9
2012,New Jersey,YEAR,HAY,ALL PRODUCTION PRACTICES,"105,000",260000,41912000,161,2.48
2012,New Mexico,YEAR,HAY,ALL PRODUCTION PRACTICES,"285,000",1355000,329795000,243,4.75
2012,New York,YEAR,HAY,ALL PRODUCTION PRACTICES,"1,560,000",2627000,385945000,146,1.68
2012,North Carolina,YEAR,HAY,ALL PRODUCTION PRACTICES,"662,000",1660000,155206000,93,2.51
2012,North Dakota,YEAR,HAY,ALL PRODUCTION PRACTICES,"2,190,000",3156000,322950000,102,1.44
2012,Ohio,YEAR,HAY,ALL PRODUCTION PRACTICES,"1,100,000",2330000,423720000,181,2.12
2012,Oklahoma,YEAR,HAY,ALL PRODUCTION PRACTICES,"3,190,000",4375000,549475000,125,1.37
2012,Oregon,YEAR,HAY,ALL PRODUCTION PRACTICES,"1,000,000",3074000,638108000,207,3.07
2012,Pennsylvania,YEAR,HAY,ALL PRODUCTION PRACTICES,"1,420,000",2978000,496904000,166,2.1
2012,Rhode Island,YEAR,HAY,ALL PRODUCTION PRACTICES,"8,000",15000,3384000,225,1.88
2012,South Carolina,YEAR,HAY,ALL PRODUCTION PRACTICES,"250,000",550000,55000000,100,2.2
2012,South Dakota,YEAR,HAY,ALL PRODUCTION PRACTICES,"3,100,000",4090000,760310000,185,1.32
2012,Tennessee,YEAR,HAY,ALL PRODUCTION PRACTICES,"1,765,000",3551000,313680000,88,2.01
2012,Texas,YEAR,HAY,ALL PRODUCTION PRACTICES,"5,100,000",9490000,1013590000,106,1.86
2012,Utah,YEAR,HAY,ALL PRODUCTION PRACTICES,"660,000",2386000,447394000,187,3.62
2012,Vermont,YEAR,HAY,ALL PRODUCTION PRACTICES,"185,000",323000,53684000,166,1.75
2012,Virginia,YEAR,HAY,ALL PRODUCTION PRACTICES,"1,305,000",3033000,481740000,158,2.32
2012,Washington,YEAR,HAY,ALL PRODUCTION PRACTICES,"780,000",2986000,681650000,228,3.83
2012,West Virginia,YEAR,HAY,ALL PRODUCTION PRACTICES,"630,000",1028000,108196000,105,1.63
2012,Wisconsin,YEAR,HAY,ALL PRODUCTION PRACTICES,"1,450,000",3015000,441570000,146,2.08
2012,Wyoming,YEAR,HAY,ALL PRODUCTION PRACTICES,"875,000",1890000,378490000,200,2.16
2011,Alabama,YEAR,HAY,ALL PRODUCTION PRACTICES,"800,000",1920000,155520000,,2.4
2011,Alaska,YEAR,HAY,ALL PRODUCTION PRACTICES,"19,000",22000,6600000,,1.16
2011,Arizona,YEAR,HAY,ALL PRODUCTION PRACTICES,"285,000",2215000,490955000,,7.77
2011,Arkansas,YEAR,HAY,ALL PRODUCTION PRACTICES,"1,400,000",2247000,228879000,,1.61
2011,California,YEAR,HAY,ALL PRODUCTION PRACTICES,"1,410,000",7980000,1783200000,,5.66
2011,Colorado,YEAR,HAY,ALL PRODUCTION PRACTICES,"1,620,000",4110000,799950000,,2.54
2011,Connecticut,YEAR,HAY,ALL PRODUCTION PRACTICES,"60,000",121000,25587000,,2.02
2011,Delaware,YEAR,HAY,ALL PRODUCTION PRACTICES,"15,000",38000,9335000,,2.53
2011,Florida,YEAR,HAY,ALL PRODUCTION PRACTICES,"260,000",624000,102336000,,2.4
2011,Georgia,YEAR,HAY,ALL PRODUCTION PRACTICES,"590,000",1298000,84370000,,2.2
2011,Idaho,YEAR,HAY,ALL PRODUCTION PRACTICES,"1,350,000",5070000,1064260000,,3.76
2011,Illinois,YEAR,HAY,ALL PRODUCTION PRACTICES,"540,000",1576000,223192000,,2.92
2011,Indiana,YEAR,HAY,ALL PRODUCTION PRACTICES,"670,000",1903000,287997000,,2.84
2011,Iowa,YEAR,HAY,ALL PRODUCTION PRACTICES,"1,140,000",3460000,457720000,,3.04
2011,Kansas,YEAR,HAY,ALL PRODUCTION PRACTICES,"2,400,000",4400000,622800000,,1.83
2011,Kentucky,YEAR,HAY,ALL PRODUCTION PRACTICES,"2,310,000",5334000,509838000,,2.31
2011,Louisiana,YEAR,HAY,ALL PRODUCTION PRACTICES,"430,000",903000,140868000,,2.1
2011,Maine,YEAR,HAY,ALL PRODUCTION PRACTICES,"132,000",258000,43450000,,1.95
2011,Maryland,YEAR,HAY,ALL PRODUCTION PRACTICES,"220,000",584000,141020000,,2.65
2011,Massachusetts,YEAR,HAY,ALL PRODUCTION PRACTICES,"74,000",136000,27960000,,1.84
2011,Michigan,YEAR,HAY,ALL PRODUCTION PRACTICES,"1,000,000",2750000,314900000,,2.75
2011,Minnesota,YEAR,HAY,ALL PRODUCTION PRACTICES,"1,830,000",5530000,666870000,,3.02
2011,Mississippi,YEAR,HAY,ALL PRODUCTION PRACTICES,"720,000",1728000,124416000,,2.4
2011,Missouri,YEAR,HAY,ALL PRODUCTION PRACTICES,"3,750,000",6250000,551550000,,1.67
2011,Montana,YEAR,HAY,ALL PRODUCTION PRACTICES,"2,700,000",5590000,543060000,,2.07
2011,Nebraska,YEAR,HAY,ALL PRODUCTION PRACTICES,"2,480,000",5624000,634291000,,2.27
2011,Nevada,YEAR,HAY,ALL PRODUCTION PRACTICES,"450,000",1440000,294040000,,3.2
2011,New Hampshire,YEAR,HAY,ALL PRODUCTION PRACTICES,"53,000",105000,19432000,,1.98
2011,New Jersey,YEAR,HAY,ALL PRODUCTION PRACTICES,"105,000",226000,34106000,,2.15
2011,New Mexico,YEAR,HAY,ALL PRODUCTION PRACTICES,"280,000",1239000,318192000,,4.43
2011,New York,YEAR,HAY,ALL PRODUCTION PRACTICES,"1,340,000",2721000,308184000,,2.03
2011,North Carolina,YEAR,HAY,ALL PRODUCTION PRACTICES,"775,000",1707000,180080000,,2.2
2011,North Dakota,YEAR,HAY,ALL PRODUCTION PRACTICES,"2,480,000",5224000,348151000,,2.11
2011,Ohio,YEAR,HAY,ALL PRODUCTION PRACTICES,"1,120,000",2772000,375556000,,2.48
2011,Oklahoma,YEAR,HAY,ALL PRODUCTION PRACTICES,"2,500,000",2330000,277640000,,0.93
2011,Oregon,YEAR,HAY,ALL PRODUCTION PRACTICES,"1,030,000",3312000,732960000,,3.22
2011,Pennsylvania,YEAR,HAY,ALL PRODUCTION PRACTICES,"1,450,000",3499000,531965000,,2.41
2011,Rhode Island,YEAR,HAY,ALL PRODUCTION PRACTICES,"9,000",18000,3716000,,2
2011,South Carolina,YEAR,HAY,ALL PRODUCTION PRACTICES,"300,000",630000,63000000,,2.1
2011,South Dakota,YEAR,HAY,ALL PRODUCTION PRACTICES,"3,550,000",8625000,1015575000,,2.43
2011,Tennessee,YEAR,HAY,ALL PRODUCTION PRACTICES,"1,880,000",3976000,368956000,,2.11
2011,Texas,YEAR,HAY,ALL PRODUCTION PRACTICES,"3,700,000",4440000,685920000,,1.2
2011,Utah,YEAR,HAY,ALL PRODUCTION PRACTICES,"760,000",2774000,500122000,,3.65
2011,Vermont,YEAR,HAY,ALL PRODUCTION PRACTICES,"175,000",318000,51945000,,1.82
2011,Virginia,YEAR,HAY,ALL PRODUCTION PRACTICES,"1,370,000",3104000,499136000,,2.27
2011,Washington,YEAR,HAY,ALL PRODUCTION PRACTICES,"780,000",3376000,713568000,,4.33
2011,West Virginia,YEAR,HAY,ALL PRODUCTION PRACTICES,"640,000",1306000,133268000,,2.04
2011,Wisconsin,YEAR,HAY,ALL PRODUCTION PRACTICES,"1,600,000",4075000,443630000,,2.55
2011,Wyoming,YEAR,HAY,ALL PRODUCTION PRACTICES,"1,120,000",2350000,317700000,,2.1
2010,Alabama,YEAR,HAY,ALL PRODUCTION PRACTICES,"780,000",1872000,159120000,,2.4
2010,Alaska,YEAR,HAY,ALL PRODUCTION PRACTICES,"20,000",24000,7320000,,1.2
2010,Arizona,YEAR,HAY,ALL PRODUCTION PRACTICES,"320,000",2476000,318504000,,7.74
2010,Arkansas,YEAR,HAY,ALL PRODUCTION PRACTICES,"1,480,000",2681000,216440000,,1.81
2010,California,YEAR,HAY,ALL PRODUCTION PRACTICES,"1,480,000",8304000,1033152000,,5.61
2010,Colorado,YEAR,HAY,ALL PRODUCTION PRACTICES,"1,600,000",4040000,497230000,,2.53
2010,Connecticut,YEAR,HAY,ALL PRODUCTION PRACTICES,"59,000",102000,19572000,,1.73
2010,Delaware,YEAR,HAY,ALL PRODUCTION PRACTICES,"15,000",46000,8148000,,3.07
2010,Florida,YEAR,HAY,ALL PRODUCTION PRACTICES,"320,000",768000,108288000,,2.4
2010,Georgia,YEAR,HAY,ALL PRODUCTION PRACTICES,"650,000",1625000,123500000,,2.5
2010,Idaho,YEAR,HAY,ALL PRODUCTION PRACTICES,"1,470,000",5460000,669858000,,3.71
2010,Illinois,YEAR,HAY,ALL PRODUCTION PRACTICES,"600,000",1916000,228708000,,3.19
2010,Indiana,YEAR,HAY,ALL PRODUCTION PRACTICES,"670,000",1894000,218089000,,2.83
2010,Iowa,YEAR,HAY,ALL PRODUCTION PRACTICES,"1,200,000",3760000,407744000,,3.13
2010,Kansas,YEAR,HAY,ALL PRODUCTION PRACTICES,"2,550,000",5700000,511670000,,2.24
2010,Kentucky,YEAR,HAY,ALL PRODUCTION PRACTICES,"2,530,000",5704000,467728000,,2.25
2010,Louisiana,YEAR,HAY,ALL PRODUCTION PRACTICES,"450,000",1260000,119700000,,2.8
2010,Maine,YEAR,HAY,ALL PRODUCTION PRACTICES,"137,000",221000,32175000,,1.61
2010,Maryland,YEAR,HAY,ALL PRODUCTION PRACTICES,"215,000",488000,85112000,,2.27
2010,Massachusetts,YEAR,HAY,ALL PRODUCTION PRACTICES,"77,000",136000,25823000,,1.77
2010,Michigan,YEAR,HAY,ALL PRODUCTION PRACTICES,"1,000,000",2730000,277830000,,2.73
2010,Minnesota,YEAR,HAY,ALL PRODUCTION PRACTICES,"1,900,000",5400000,540720000,,2.84
2010,Mississippi,YEAR,HAY,ALL PRODUCTION PRACTICES,"700,000",1610000,111090000,,2.3
2010,Missouri,YEAR,HAY,ALL PRODUCTION PRACTICES,"3,840,000",7512000,507960000,,1.96
2010,Montana,YEAR,HAY,ALL PRODUCTION PRACTICES,"2,850,000",6105000,488775000,,2.14
2010,Nebraska,YEAR,HAY,ALL PRODUCTION PRACTICES,"2,690,000",6349000,460122000,,2.36
2010,Nevada,YEAR,HAY,ALL PRODUCTION PRACTICES,"470,000",1546000,191376000,,3.29
2010,New Hampshire,YEAR,HAY,ALL PRODUCTION PRACTICES,"56,000",89000,15883000,,1.59
2010,New Jersey,YEAR,HAY,ALL PRODUCTION PRACTICES,"105,000",203000,24882000,,1.93
2010,New Mexico,YEAR,HAY,ALL PRODUCTION PRACTICES,"310,000",1333000,209132000,,4.3
2010,New York,YEAR,HAY,ALL PRODUCTION PRACTICES,"1,380,000",2418000,272868000,,1.75
2010,North Carolina,YEAR,HAY,ALL PRODUCTION PRACTICES,"865,000",1822000,155990000,,2.11
2010,North Dakota,YEAR,HAY,ALL PRODUCTION PRACTICES,"2,550,000",5321000,295120000,,2.09
2010,Ohio,YEAR,HAY,ALL PRODUCTION PRACTICES,"1,110,000",2871000,327888000,,2.59
2010,Oklahoma,YEAR,HAY,ALL PRODUCTION PRACTICES,"3,210,000",5953000,507017000,,1.85
2010,Oregon,YEAR,HAY,ALL PRODUCTION PRACTICES,"1,045,000",3108000,487368000,,2.97
2010,Pennsylvania,YEAR,HAY,ALL PRODUCTION PRACTICES,"1,500,000",3400000,428400000,,2.27
2010,Rhode Island,YEAR,HAY,ALL PRODUCTION PRACTICES,"8,000",16000,2936000,,2
2010,South Carolina,YEAR,HAY,ALL PRODUCTION PRACTICES,"360,000",720000,72000000,,2
2010,South Dakota,YEAR,HAY,ALL PRODUCTION PRACTICES,"3,600,000",7335000,568035000,,2.04
2010,Tennessee,YEAR,HAY,ALL PRODUCTION PRACTICES,"1,965,000",4146000,328539000,,2.11
2010,Texas,YEAR,HAY,ALL PRODUCTION PRACTICES,"5,220,000",10800000,1242000000,,2.07
2010,Utah,YEAR,HAY,ALL PRODUCTION PRACTICES,"700,000",2512000,263456000,,3.59
2010,Vermont,YEAR,HAY,ALL PRODUCTION PRACTICES,"195,000",323000,47000000,,1.66
2010,Virginia,YEAR,HAY,ALL PRODUCTION PRACTICES,"1,330,000",2184000,299280000,,1.64
2010,Washington,YEAR,HAY,ALL PRODUCTION PRACTICES,"840,000",3420000,508680000,,4.07
2010,West Virginia,YEAR,HAY,ALL PRODUCTION PRACTICES,"620,000",952000,90860000,,1.54
2010,Wisconsin,YEAR,HAY,ALL PRODUCTION PRACTICES,"1,660,000",4526000,457832000,,2.73
2010,Wyoming,YEAR,HAY,ALL PRODUCTION PRACTICES,"1,190,000",2467000,222591000,,2.07
2009,Alabama,YEAR,HAY,ALL PRODUCTION PRACTICES,"800,000",1920000,142080000,,2.4
2009,Alaska,YEAR,HAY,ALL PRODUCTION PRACTICES,"20,000",23000,7130000,,1.15
2009,Arizona,YEAR,HAY,ALL PRODUCTION PRACTICES,"310,000",2530000,306430000,,8.16
2009,Arkansas,YEAR,HAY,ALL PRODUCTION PRACTICES,"1,415,000",3131000,233785000,,2.21
2009,California,YEAR,HAY,ALL PRODUCTION PRACTICES,"1,540,000",8890000,926660000,,5.77
2009,Colorado,YEAR,HAY,ALL PRODUCTION PRACTICES,"1,600,000",4778000,624937000,,2.99
2009,Connecticut,YEAR,HAY,ALL PRODUCTION PRACTICES,"62,000",130000,23942000,,2.1
2009,Delaware,YEAR,HAY,ALL PRODUCTION PRACTICES,"17,000",51000,7413000,,3
2009,Florida,YEAR,HAY,ALL PRODUCTION PRACTICES,"300,000",810000,113400000,,2.7
2009,Georgia,YEAR,HAY,ALL PRODUCTION PRACTICES,"700,000",1610000,130410000,,2.3
2009,Idaho,YEAR,HAY,ALL PRODUCTION PRACTICES,"1,510,000",5528000,600636000,,3.66
2009,Illinois,YEAR,HAY,ALL PRODUCTION PRACTICES,"610,000",2001000,226500000,,3.28
2009,Indiana,YEAR,HAY,ALL PRODUCTION PRACTICES,"620,000",1720000,213120000,,2.77
2009,Iowa,YEAR,HAY,ALL PRODUCTION PRACTICES,"1,220,000",4002000,442704000,,3.28
2009,Kansas,YEAR,HAY,ALL PRODUCTION PRACTICES,"2,550,000",7225000,658920000,,2.83
2009,Kentucky,YEAR,HAY,ALL PRODUCTION PRACTICES,"2,520,000",6290000,568910000,,2.5
2009,Louisiana,YEAR,HAY,ALL PRODUCTION PRACTICES,"380,000",1064000,108528000,,2.8
2009,Maine,YEAR,HAY,ALL PRODUCTION PRACTICES,"149,000",253000,34787000,,1.7
2009,Maryland,YEAR,HAY,ALL PRODUCTION PRACTICES,"210,000",571000,82733000,,2.72
2009,Massachusetts,YEAR,HAY,ALL PRODUCTION PRACTICES,"81,000",147000,26520000,,1.81
2009,Michigan,YEAR,HAY,ALL PRODUCTION PRACTICES,"990,000",2482000,301120000,,2.51
2009,Minnesota,YEAR,HAY,ALL PRODUCTION PRACTICES,"2,050,000",5250000,553650000,,2.56
2009,Mississippi,YEAR,HAY,ALL PRODUCTION PRACTICES,"700,000",1960000,125440000,,2.8
2009,Missouri,YEAR,HAY,ALL PRODUCTION PRACTICES,"3,880,000",8040000,472200000,,2.07
2009,Montana,YEAR,HAY,ALL PRODUCTION PRACTICES,"2,500,000",4770000,457920000,,1.91
2009,Nebraska,YEAR,HAY,ALL PRODUCTION PRACTICES,"2,700,000",6235000,450565000,,2.31
2009,Nevada,YEAR,HAY,ALL PRODUCTION PRACTICES,"490,000",1736000,191212000,,3.54
2009,New Hampshire,YEAR,HAY,ALL PRODUCTION PRACTICES,"57,000",89000,15750000,,1.56
2009,New Jersey,YEAR,HAY,ALL PRODUCTION PRACTICES,"110,000",232000,28246000,,2.11
2009,New Mexico,YEAR,HAY,ALL PRODUCTION PRACTICES,"320,000",1384000,208656000,,4.33
2009,New York,YEAR,HAY,ALL PRODUCTION PRACTICES,"1,360,000",2472000,298485000,,1.82
2009,North Carolina,YEAR,HAY,ALL PRODUCTION PRACTICES,"847,000",1957000,171959000,,2.31
2009,North Dakota,YEAR,HAY,ALL PRODUCTION PRACTICES,"2,960,000",5240000,325913000,,1.77
2009,Ohio,YEAR,HAY,ALL PRODUCTION PRACTICES,"1,040,000",2876000,341820000,,2.77
2009,Oklahoma,YEAR,HAY,ALL PRODUCTION PRACTICES,"3,220,000",5278000,456808000,,1.64
2009,Oregon,YEAR,HAY,ALL PRODUCTION PRACTICES,"1,030,000",3249000,464481000,,3.15
2009,Pennsylvania,YEAR,HAY,ALL PRODUCTION PRACTICES,"1,550,000",3655000,495270000,,2.36
2009,Rhode Island,YEAR,HAY,ALL PRODUCTION PRACTICES,"7,000",14000,2568000,,2
2009,South Carolina,YEAR,HAY,ALL PRODUCTION PRACTICES,"350,000",840000,88200000,,2.4
2009,South Dakota,YEAR,HAY,ALL PRODUCTION PRACTICES,"3,800,000",7830000,617100000,,2.06
2009,Tennessee,YEAR,HAY,ALL PRODUCTION PRACTICES,"1,915,000",4236000,327592000,,2.21
2009,Texas,YEAR,HAY,ALL PRODUCTION PRACTICES,"4,620,000",8250000,937200000,,1.79
2009,Utah,YEAR,HAY,ALL PRODUCTION PRACTICES,"690,000",2562000,258636000,,3.71
2009,Vermont,YEAR,HAY,ALL PRODUCTION PRACTICES,"190,000",322000,43702000,,1.69
2009,Virginia,YEAR,HAY,ALL PRODUCTION PRACTICES,"1,180,000",2668000,346936000,,2.26
2009,Washington,YEAR,HAY,ALL PRODUCTION PRACTICES,"810,000",3297000,452410000,,4.07
2009,West Virginia,YEAR,HAY,ALL PRODUCTION PRACTICES,"625,000",1158000,107052000,,1.85
2009,Wisconsin,YEAR,HAY,ALL PRODUCTION PRACTICES,"1,920,000",4430000,455150000,,2.31
2009,Wyoming,YEAR,HAY,ALL PRODUCTION PRACTICES,"1,270,000",2537000,247103000,,2
2008,Alabama,YEAR,HAY,ALL PRODUCTION PRACTICES,"900,000",1980000,194040000,,2.2
2008,Alaska,YEAR,HAY,ALL PRODUCTION PRACTICES,"18,000",20000,6300000,,1.11
2008,Arizona,YEAR,HAY,ALL PRODUCTION PRACTICES,"295,000",2383000,438356000,,8.08
2008,Arkansas,YEAR,HAY,ALL PRODUCTION PRACTICES,"1,405,000",3111000,273996000,,2.21
2008,California,YEAR,HAY,ALL PRODUCTION PRACTICES,"1,610,000",9414000,1797032000,,5.85
2008,Colorado,YEAR,HAY,ALL PRODUCTION PRACTICES,"1,570,000",3981000,612084000,,2.54
2008,Connecticut,YEAR,HAY,ALL PRODUCTION PRACTICES,"55,000",120000,27103000,,2.18
2008,Delaware,YEAR,HAY,ALL PRODUCTION PRACTICES,"18,000",46000,7600000,,2.56
2008,Florida,YEAR,HAY,ALL PRODUCTION PRACTICES,"300,000",900000,122400000,,3
2008,Georgia,YEAR,HAY,ALL PRODUCTION PRACTICES,"720,000",1584000,145728000,,2.2
2008,Idaho,YEAR,HAY,ALL PRODUCTION PRACTICES,"1,410,000",5588000,1091772000,,3.96
2008,Illinois,YEAR,HAY,ALL PRODUCTION PRACTICES,"620,000",1878000,256059000,,3.03
2008,Indiana,YEAR,HAY,ALL PRODUCTION PRACTICES,"590,000",1867000,268169000,,3.16
2008,Iowa,YEAR,HAY,ALL PRODUCTION PRACTICES,"1,550,000",5330000,678270000,,3.44
2008,Kansas,YEAR,HAY,ALL PRODUCTION PRACTICES,"2,750,000",6765000,699460000,,2.46
2008,Kentucky,YEAR,HAY,ALL PRODUCTION PRACTICES,"2,640,000",5160000,543360000,,1.95
2008,Louisiana,YEAR,HAY,ALL PRODUCTION PRACTICES,"430,000",1075000,93525000,,2.5
2008,Maine,YEAR,HAY,ALL PRODUCTION PRACTICES,"138,000",217000,38685000,,1.57
2008,Maryland,YEAR,HAY,ALL PRODUCTION PRACTICES,"205,000",626000,102488000,,3.05
2008,Massachusetts,YEAR,HAY,ALL PRODUCTION PRACTICES,"73,000",154000,33909000,,2.11
2008,Michigan,YEAR,HAY,ALL PRODUCTION PRACTICES,"1,020,000",2633000,401948000,,2.58
2008,Minnesota,YEAR,HAY,ALL PRODUCTION PRACTICES,"1,950,000",5265000,649890000,,2.7
2008,Mississippi,YEAR,HAY,ALL PRODUCTION PRACTICES,"720,000",1944000,128304000,,2.7
2008,Missouri,YEAR,HAY,ALL PRODUCTION PRACTICES,"4,200,000",8820000,834820000,,2.1
2008,Montana,YEAR,HAY,ALL PRODUCTION PRACTICES,"2,400,000",4080000,471120000,,1.7
2008,Nebraska,YEAR,HAY,ALL PRODUCTION PRACTICES,"2,570,000",6232000,537344000,,2.42
2008,Nevada,YEAR,HAY,ALL PRODUCTION PRACTICES,"455,000",1629000,301590000,,3.58
2008,New Hampshire,YEAR,HAY,ALL PRODUCTION PRACTICES,"53,000",105000,22435000,,1.98
2008,New Jersey,YEAR,HAY,ALL PRODUCTION PRACTICES,"115,000",239000,34643000,,2.08
2008,New Mexico,YEAR,HAY,ALL PRODUCTION PRACTICES,"340,000",1516000,280480000,,4.46
2008,New York,YEAR,HAY,ALL PRODUCTION PRACTICES,"1,320,000",2691000,367398000,,2.04
2008,North Carolina,YEAR,HAY,ALL PRODUCTION PRACTICES,"808,000",1622000,162910000,,2.01
2008,North Dakota,YEAR,HAY,ALL PRODUCTION PRACTICES,"3,220,000",4118000,306974000,,1.28
2008,Ohio,YEAR,HAY,ALL PRODUCTION PRACTICES,"1,140,000",2802000,406260000,,2.46
2008,Oklahoma,YEAR,HAY,ALL PRODUCTION PRACTICES,"2,910,000",5536000,503320000,,1.9
2008,Oregon,YEAR,HAY,ALL PRODUCTION PRACTICES,"1,025,000",2951000,581756000,,2.88
2008,Pennsylvania,YEAR,HAY,ALL PRODUCTION PRACTICES,"1,750,000",3810000,676620000,,2.18
2008,Rhode Island,YEAR,HAY,ALL PRODUCTION PRACTICES,"7,000",14000,3145000,,2
2008,South Carolina,YEAR,HAY,ALL PRODUCTION PRACTICES,"330,000",627000,72105000,,1.9
2008,South Dakota,YEAR,HAY,ALL PRODUCTION PRACTICES,"3,850,000",7840000,716400000,,2.04
2008,Tennessee,YEAR,HAY,ALL PRODUCTION PRACTICES,"1,870,000",3945000,397635000,,2.11
2008,Texas,YEAR,HAY,ALL PRODUCTION PRACTICES,"4,430,000",9211000,1006824000,,2.08
2008,Utah,YEAR,HAY,ALL PRODUCTION PRACTICES,"695,000",2629000,436403000,,3.78
2008,Vermont,YEAR,HAY,ALL PRODUCTION PRACTICES,"180,000",306000,52122000,,1.7
2008,Virginia,YEAR,HAY,ALL PRODUCTION PRACTICES,"1,270,000",2748000,400476000,,2.16
2008,Washington,YEAR,HAY,ALL PRODUCTION PRACTICES,"710,000",2614000,581302000,,3.68
2008,West Virginia,YEAR,HAY,ALL PRODUCTION PRACTICES,"605,000",1117000,109743000,,1.85
2008,Wisconsin,YEAR,HAY,ALL PRODUCTION PRACTICES,"1,900,000",4810000,517690000,,2.53
2008,Wyoming,YEAR,HAY,ALL PRODUCTION PRACTICES,"1,030,000",2237000,253055000,,2.17
2007,Alabama,YEAR,HAY,ALL PRODUCTION PRACTICES,"840,000",1512000,146664000,,1.8
2007,Alaska,YEAR,HAY,ALL PRODUCTION PRACTICES,"23,000",31000,8370000,,1.35
2007,Arizona,YEAR,HAY,ALL PRODUCTION PRACTICES,"295,000",2192000,328864000,,7.43
2007,Arkansas,YEAR,HAY,ALL PRODUCTION PRACTICES,"1,465,000",3084000,281616000,,2.11
2007,California,YEAR,HAY,ALL PRODUCTION PRACTICES,"1,570,000",9042000,1405800000,,5.76
2007,Colorado,YEAR,HAY,ALL PRODUCTION PRACTICES,"1,570,000",4459000,606976000,,2.84
2007,Connecticut,YEAR,HAY,ALL PRODUCTION PRACTICES,"61,000",119000,22501000,,1.95
2007,Delaware,YEAR,HAY,ALL PRODUCTION PRACTICES,"15,000",31000,6642000,,2.07
2007,Florida,YEAR,HAY,ALL PRODUCTION PRACTICES,"320,000",960000,111360000,,3
2007,Georgia,YEAR,HAY,ALL PRODUCTION PRACTICES,"670,000",1273000,101840000,,1.9
2007,Idaho,YEAR,HAY,ALL PRODUCTION PRACTICES,"1,450,000",5345000,752995000,,3.69
2007,Illinois,YEAR,HAY,ALL PRODUCTION PRACTICES,"680,000",1916000,245152000,,2.82
2007,Indiana,YEAR,HAY,ALL PRODUCTION PRACTICES,"610,000",1416000,213192000,,2.32
2007,Iowa,YEAR,HAY,ALL PRODUCTION PRACTICES,"1,380,000",4944000,547440000,,3.58
2007,Kansas,YEAR,HAY,ALL PRODUCTION PRACTICES,"2,900,000",6530000,614770000,,2.25
2007,Kentucky,YEAR,HAY,ALL PRODUCTION PRACTICES,"2,680,000",4104000,385200000,,1.53
2007,Louisiana,YEAR,HAY,ALL PRODUCTION PRACTICES,"420,000",1134000,89586000,,2.7
2007,Maine,YEAR,HAY,ALL PRODUCTION PRACTICES,"144,000",266000,40196000,,1.85
2007,Maryland,YEAR,HAY,ALL PRODUCTION PRACTICES,"215,000",470000,100470000,,2.19
2007,Massachusetts,YEAR,HAY,ALL PRODUCTION PRACTICES,"79,000",148000,27470000,,1.87
2007,Michigan,YEAR,HAY,ALL PRODUCTION PRACTICES,"1,050,000",2429000,299411000,,2.31
2007,Minnesota,YEAR,HAY,ALL PRODUCTION PRACTICES,"1,800,000",4240000,468780000,,2.36
2007,Mississippi,YEAR,HAY,ALL PRODUCTION PRACTICES,"800,000",1840000,119600000,,2.3
2007,Missouri,YEAR,HAY,ALL PRODUCTION PRACTICES,"4,050,000",7528000,746372000,,1.86
2007,Montana,YEAR,HAY,ALL PRODUCTION PRACTICES,"2,600,000",5090000,400760000,,1.96
2007,Nebraska,YEAR,HAY,ALL PRODUCTION PRACTICES,"2,650,000",6185000,532455000,,2.33
2007,Nevada,YEAR,HAY,ALL PRODUCTION PRACTICES,"460,000",1544000,227108000,,3.36
2007,New Hampshire,YEAR,HAY,ALL PRODUCTION PRACTICES,"55,000",107000,19312000,,1.95
2007,New Jersey,YEAR,HAY,ALL PRODUCTION PRACTICES,"115,000",206000,31034000,,1.79
2007,New Mexico,YEAR,HAY,ALL PRODUCTION PRACTICES,"350,000",1512000,244584000,,4.32
2007,New York,YEAR,HAY,ALL PRODUCTION PRACTICES,"1,360,000",2700000,330552000,,1.99
2007,North Carolina,YEAR,HAY,ALL PRODUCTION PRACTICES,"699,000",1050000,95880000,,1.5
2007,North Dakota,YEAR,HAY,ALL PRODUCTION PRACTICES,"2,680,000",5063000,276299000,,1.89
2007,Ohio,YEAR,HAY,ALL PRODUCTION PRACTICES,"1,160,000",2804000,382020000,,2.42
2007,Oklahoma,YEAR,HAY,ALL PRODUCTION PRACTICES,"3,140,000",6858000,554850000,,2.18
2007,Oregon,YEAR,HAY,ALL PRODUCTION PRACTICES,"1,010,000",2941000,466353000,,2.91
2007,Pennsylvania,YEAR,HAY,ALL PRODUCTION PRACTICES,"1,800,000",4200000,756600000,,2.33
2007,Rhode Island,YEAR,HAY,ALL PRODUCTION PRACTICES,"8,000",15000,2835000,,1.88
2007,South Carolina,YEAR,HAY,ALL PRODUCTION PRACTICES,"330,000",561000,70125000,,1.7
2007,South Dakota,YEAR,HAY,ALL PRODUCTION PRACTICES,"3,750,000",7275000,685650000,,1.94
2007,Tennessee,YEAR,HAY,ALL PRODUCTION PRACTICES,"1,775,000",2685000,249375000,,1.51
2007,Texas,YEAR,HAY,ALL PRODUCTION PRACTICES,"5,340,000",14740000,1940700000,,2.76
2007,Utah,YEAR,HAY,ALL PRODUCTION PRACTICES,"700,000",2585000,332695000,,3.69
2007,Vermont,YEAR,HAY,ALL PRODUCTION PRACTICES,"190,000",402000,60390000,,2.12
2007,Virginia,YEAR,HAY,ALL PRODUCTION PRACTICES,"1,290,000",2394000,316494000,,1.86
2007,Washington,YEAR,HAY,ALL PRODUCTION PRACTICES,"790,000",3338000,498224000,,4.23
2007,West Virginia,YEAR,HAY,ALL PRODUCTION PRACTICES,"600,000",924000,79053000,,1.54
2007,Wisconsin,YEAR,HAY,ALL PRODUCTION PRACTICES,"1,970,000",4392000,370056000,,2.23
2007,Wyoming,YEAR,HAY,ALL PRODUCTION PRACTICES,"1,120,000",2348000,255932000,,2.1
2006,Alabama,YEAR,HAY,ALL PRODUCTION PRACTICES,"720,000",1440000,97920000,,2
2006,Alaska,YEAR,HAY,ALL PRODUCTION PRACTICES,"20,000",22000,5500000,,1.1
2006,Arizona,YEAR,HAY,ALL PRODUCTION PRACTICES,"295,000",2251000,292630000,,7.63
2006,Arkansas,YEAR,HAY,ALL PRODUCTION PRACTICES,"1,465,000",2519000,215916000,,1.72
2006,California,YEAR,HAY,ALL PRODUCTION PRACTICES,"1,680,000",9568000,1053512000,,5.7
2006,Colorado,YEAR,HAY,ALL PRODUCTION PRACTICES,"1,530,000",4389000,569373000,,2.87
2006,Connecticut,YEAR,HAY,ALL PRODUCTION PRACTICES,"62,000",120000,22155000,,1.94
2006,Delaware,YEAR,HAY,ALL PRODUCTION PRACTICES,"14,000",40000,6200000,,2.86
2006,Florida,YEAR,HAY,ALL PRODUCTION PRACTICES,"300,000",690000,69690000,,2.3
2006,Georgia,YEAR,HAY,ALL PRODUCTION PRACTICES,"650,000",1170000,76050000,,1.8
2006,Idaho,YEAR,HAY,ALL PRODUCTION PRACTICES,"1,470,000",5505000,640574000,,3.74
2006,Illinois,YEAR,HAY,ALL PRODUCTION PRACTICES,"730,000",2385000,224693000,,3.27
2006,Indiana,YEAR,HAY,ALL PRODUCTION PRACTICES,"630,000",2119000,209165000,,3.36
2006,Iowa,YEAR,HAY,ALL PRODUCTION PRACTICES,"1,470,000",5189000,440440000,,3.53
2006,Kansas,YEAR,HAY,ALL PRODUCTION PRACTICES,"3,050,000",6550000,628430000,,2.15
2006,Kentucky,YEAR,HAY,ALL PRODUCTION PRACTICES,"2,480,000",6316000,504480000,,2.55
2006,Louisiana,YEAR,HAY,ALL PRODUCTION PRACTICES,"390,000",975000,61425000,,2.5
2006,Maine,YEAR,HAY,ALL PRODUCTION PRACTICES,"140,000",253000,37508000,,1.81
2006,Maryland,YEAR,HAY,ALL PRODUCTION PRACTICES,"205,000",569000,89480000,,2.78
2006,Massachusetts,YEAR,HAY,ALL PRODUCTION PRACTICES,"78,000",158000,28032000,,2.03
2006,Michigan,YEAR,HAY,ALL PRODUCTION PRACTICES,"1,120,000",3212000,300404000,,2.87
2006,Minnesota,YEAR,HAY,ALL PRODUCTION PRACTICES,"2,070,000",5679000,435078000,,2.74
2006,Mississippi,YEAR,HAY,ALL PRODUCTION PRACTICES,"780,000",1560000,95160000,,2
2006,Missouri,YEAR,HAY,ALL PRODUCTION PRACTICES,"4,140,000",6944000,496126000,,1.68
2006,Montana,YEAR,HAY,ALL PRODUCTION PRACTICES,"2,260,000",4320000,340155000,,1.91
2006,Nebraska,YEAR,HAY,ALL PRODUCTION PRACTICES,"2,750,000",5588000,495484000,,2.03
2006,Nevada,YEAR,HAY,ALL PRODUCTION PRACTICES,"470,000",1619000,184085000,,3.44
2006,New Hampshire,YEAR,HAY,ALL PRODUCTION PRACTICES,"56,000",115000,20558000,,2.05
2006,New Jersey,YEAR,HAY,ALL PRODUCTION PRACTICES,"115,000",234000,30672000,,2.03
2006,New Mexico,YEAR,HAY,ALL PRODUCTION PRACTICES,"320,000",1302000,211092000,,4.07
2006,New York,YEAR,HAY,ALL PRODUCTION PRACTICES,"1,520,000",2790000,316755000,,1.84
2006,North Carolina,YEAR,HAY,ALL PRODUCTION PRACTICES,"690,000",1663000,115068000,,2.41
2006,North Dakota,YEAR,HAY,ALL PRODUCTION PRACTICES,"2,720,000",3137000,188513000,,1.15
2006,Ohio,YEAR,HAY,ALL PRODUCTION PRACTICES,"1,210,000",3421000,333497000,,2.83
2006,Oklahoma,YEAR,HAY,ALL PRODUCTION PRACTICES,"3,160,000",3556000,355264000,,1.13
2006,Oregon,YEAR,HAY,ALL PRODUCTION PRACTICES,"1,050,000",3256000,421080000,,3.1
2006,Pennsylvania,YEAR,HAY,ALL PRODUCTION PRACTICES,"1,750,000",5125000,716375000,,2.93
2006,Rhode Island,YEAR,HAY,ALL PRODUCTION PRACTICES,"7,000",17000,3079000,,2.43
2006,South Carolina,YEAR,HAY,ALL PRODUCTION PRACTICES,"360,000",684000,44460000,,1.9
2006,South Dakota,YEAR,HAY,ALL PRODUCTION PRACTICES,"3,100,000",4180000,323260000,,1.35
2006,Tennessee,YEAR,HAY,ALL PRODUCTION PRACTICES,"1,830,000",4251000,249522000,,2.32
2006,Texas,YEAR,HAY,ALL PRODUCTION PRACTICES,"5,150,000",8675000,1091325000,,1.68
2006,Utah,YEAR,HAY,ALL PRODUCTION PRACTICES,"710,000",2540000,249340000,,3.58
2006,Vermont,YEAR,HAY,ALL PRODUCTION PRACTICES,"205,000",325000,46860000,,1.59
2006,Virginia,YEAR,HAY,ALL PRODUCTION PRACTICES,"1,230,000",2846000,281204000,,2.31
2006,Washington,YEAR,HAY,ALL PRODUCTION PRACTICES,"770,000",3113000,400609000,,4.04
2006,West Virginia,YEAR,HAY,ALL PRODUCTION PRACTICES,"590,000",1046000,78830000,,1.77
2006,Wisconsin,YEAR,HAY,ALL PRODUCTION PRACTICES,"2,090,000",5264000,327264000,,2.52
2006,Wyoming,YEAR,HAY,ALL PRODUCTION PRACTICES,"1,050,000",2115000,215045000,,2.01
2005,Alabama,YEAR,HAY,ALL PRODUCTION PRACTICES,"730,000",1971000,112347000,,2.7
2005,Alaska,YEAR,HAY,ALL PRODUCTION PRACTICES,"21,000",30000,7200000,,1.43
2005,Arizona,YEAR,HAY,ALL PRODUCTION PRACTICES,"300,000",2324000,287336000,,7.75
2005,Arkansas,YEAR,HAY,ALL PRODUCTION PRACTICES,"1,310,000",2239000,147114000,,1.71
2005,California,YEAR,HAY,ALL PRODUCTION PRACTICES,"1,620,000",9206000,1177921000,,5.68
2005,Colorado,YEAR,HAY,ALL PRODUCTION PRACTICES,"1,550,000",4085000,409210000,,2.64
2005,Connecticut,YEAR,HAY,ALL PRODUCTION PRACTICES,"63,000",118000,19625000,,1.87
2005,Delaware,YEAR,HAY,ALL PRODUCTION PRACTICES,"14,000",39000,6423000,,2.79
2005,Florida,YEAR,HAY,ALL PRODUCTION PRACTICES,"290,000",711000,70034000,,2.45
2005,Georgia,YEAR,HAY,ALL PRODUCTION PRACTICES,"550,000",1650000,97350000,,3
2005,Idaho,YEAR,HAY,ALL PRODUCTION PRACTICES,"1,370,000",5214000,565554000,,3.81
2005,Illinois,YEAR,HAY,ALL PRODUCTION PRACTICES,"730,000",2159000,195525000,,2.96
2005,Indiana,YEAR,HAY,ALL PRODUCTION PRACTICES,"650,000",2067000,203217000,,3.18
2005,Iowa,YEAR,HAY,ALL PRODUCTION PRACTICES,"1,600,000",5860000,456285000,,3.66
2005,Kansas,YEAR,HAY,ALL PRODUCTION PRACTICES,"2,900,000",6680000,432120000,,2.3
2005,Kentucky,YEAR,HAY,ALL PRODUCTION PRACTICES,"2,410,000",5777000,439381000,,2.4
2005,Louisiana,YEAR,HAY,ALL PRODUCTION PRACTICES,"350,000",805000,45885000,,2.3
2005,Maine,YEAR,HAY,ALL PRODUCTION PRACTICES,"151,000",240000,33150000,,1.59
2005,Maryland,YEAR,HAY,ALL PRODUCTION PRACTICES,"190,000",531000,86739000,,2.79
2005,Massachusetts,YEAR,HAY,ALL PRODUCTION PRACTICES,"85,000",180000,28516000,,2.12
2005,Michigan,YEAR,HAY,ALL PRODUCTION PRACTICES,"1,150,000",3020000,269340000,,2.63
2005,Minnesota,YEAR,HAY,ALL PRODUCTION PRACTICES,"2,050,000",6055000,410095000,,2.95
2005,Mississippi,YEAR,HAY,ALL PRODUCTION PRACTICES,"730,000",2117000,110084000,,2.9
2005,Missouri,YEAR,HAY,ALL PRODUCTION PRACTICES,"3,970,000",6637000,379812000,,1.67
2005,Montana,YEAR,HAY,ALL PRODUCTION PRACTICES,"3,000,000",5850000,409350000,,1.95
2005,Nebraska,YEAR,HAY,ALL PRODUCTION PRACTICES,"2,850,000",6945000,337970000,,2.44
2005,Nevada,YEAR,HAY,ALL PRODUCTION PRACTICES,"450,000",1609000,195246000,,3.58
2005,New Hampshire,YEAR,HAY,ALL PRODUCTION PRACTICES,"59,000",109000,18183000,,1.85
2005,New Jersey,YEAR,HAY,ALL PRODUCTION PRACTICES,"115,000",212000,26760000,,1.84
2005,New Mexico,YEAR,HAY,ALL PRODUCTION PRACTICES,"330,000",1413000,176328000,,4.28
2005,New York,YEAR,HAY,ALL PRODUCTION PRACTICES,"1,650,000",2625000,283395000,,1.59
2005,North Carolina,YEAR,HAY,ALL PRODUCTION PRACTICES,"691,000",1660000,109720000,,2.4
2005,North Dakota,YEAR,HAY,ALL PRODUCTION PRACTICES,"3,030,000",5646000,270648000,,1.86
2005,Ohio,YEAR,HAY,ALL PRODUCTION PRACTICES,"1,200,000",3630000,362466000,,3.03
2005,Oklahoma,YEAR,HAY,ALL PRODUCTION PRACTICES,"2,920,000",5084000,333248000,,1.74
2005,Oregon,YEAR,HAY,ALL PRODUCTION PRACTICES,"1,000,000",3140000,352580000,,3.14
2005,Pennsylvania,YEAR,HAY,ALL PRODUCTION PRACTICES,"1,600,000",3397000,461753000,,2.12
2005,Rhode Island,YEAR,HAY,ALL PRODUCTION PRACTICES,"9,000",20000,3368000,,2.22
2005,South Carolina,YEAR,HAY,ALL PRODUCTION PRACTICES,"290,000",783000,49329000,,2.7
2005,South Dakota,YEAR,HAY,ALL PRODUCTION PRACTICES,"4,000,000",7560000,457800000,,1.89
2005,Tennessee,YEAR,HAY,ALL PRODUCTION PRACTICES,"1,885,000",4367000,243210000,,2.32
2005,Texas,YEAR,HAY,ALL PRODUCTION PRACTICES,"5,050,000",9140000,769270000,,1.81
2005,Utah,YEAR,HAY,ALL PRODUCTION PRACTICES,"700,000",2636000,248272000,,3.77
2005,Vermont,YEAR,HAY,ALL PRODUCTION PRACTICES,"220,000",342000,45612000,,1.55
2005,Virginia,YEAR,HAY,ALL PRODUCTION PRACTICES,"1,320,000",3542000,318087000,,2.68
2005,Washington,YEAR,HAY,ALL PRODUCTION PRACTICES,"740,000",3210000,367350000,,4.34
2005,West Virginia,YEAR,HAY,ALL PRODUCTION PRACTICES,"575,000",1070000,67932000,,1.86
2005,Wisconsin,YEAR,HAY,ALL PRODUCTION PRACTICES,"2,050,000",4470000,471390000,,2.18
2005,Wyoming,YEAR,HAY,ALL PRODUCTION PRACTICES,"1,140,000",2316000,171432000,,2.03
2004,Alabama,YEAR,HAY,ALL PRODUCTION PRACTICES,"850,000",2295000,130815000,,2.7
2004,Alaska,YEAR,HAY,ALL PRODUCTION PRACTICES,"21,000",28000,6440000,,1.33
2004,Arizona,YEAR,HAY,ALL PRODUCTION PRACTICES,"275,000",2119000,210161000,,7.71
2004,Arkansas,YEAR,HAY,ALL PRODUCTION PRACTICES,"1,420,000",3570000,169820000,,2.51
2004,California,YEAR,HAY,ALL PRODUCTION PRACTICES,"1,600,000",9220000,1045885000,,5.76
2004,Colorado,YEAR,HAY,ALL PRODUCTION PRACTICES,"1,520,000",3666000,305985000,,2.41
2004,Connecticut,YEAR,HAY,ALL PRODUCTION PRACTICES,"66,000",143000,22248000,,2.17
2004,Delaware,YEAR,HAY,ALL PRODUCTION PRACTICES,"14,000",41000,5192000,,2.93
2004,Florida,YEAR,HAY,ALL PRODUCTION PRACTICES,"260,000",650000,60450000,,2.5
2004,Georgia,YEAR,HAY,ALL PRODUCTION PRACTICES,"600,000",1620000,89100000,,2.7
2004,Idaho,YEAR,HAY,ALL PRODUCTION PRACTICES,"1,480,000",5350000,552600000,,3.61
2004,Illinois,YEAR,HAY,ALL PRODUCTION PRACTICES,"750,000",2560000,215760000,,3.41
2004,Indiana,YEAR,HAY,ALL PRODUCTION PRACTICES,"660,000",2303000,210000000,,3.49
2004,Iowa,YEAR,HAY,ALL PRODUCTION PRACTICES,"1,600,000",6240000,513240000,,3.9
2004,Kansas,YEAR,HAY,ALL PRODUCTION PRACTICES,"3,350,000",7880000,489560000,,2.35
2004,Kentucky,YEAR,HAY,ALL PRODUCTION PRACTICES,"2,340,000",5928000,388824000,,2.53
2004,Louisiana,YEAR,HAY,ALL PRODUCTION PRACTICES,"370,000",1110000,61050000,,3
2004,Maine,YEAR,HAY,ALL PRODUCTION PRACTICES,"155,000",296000,36044000,,1.91
2004,Maryland,YEAR,HAY,ALL PRODUCTION PRACTICES,"215,000",570000,73308000,,2.65
2004,Massachusetts,YEAR,HAY,ALL PRODUCTION PRACTICES,"84,000",172000,25820000,,2.05
2004,Michigan,YEAR,HAY,ALL PRODUCTION PRACTICES,"1,100,000",3185000,296238000,,2.9
2004,Minnesota,YEAR,HAY,ALL PRODUCTION PRACTICES,"2,000,000",5895000,411683000,,2.95
2004,Mississippi,YEAR,HAY,ALL PRODUCTION PRACTICES,"720,000",1656000,75348000,,2.3
2004,Missouri,YEAR,HAY,ALL PRODUCTION PRACTICES,"4,350,000",9420000,505980000,,2.17
2004,Montana,YEAR,HAY,ALL PRODUCTION PRACTICES,"2,500,000",4760000,355740000,,1.9
2004,Nebraska,YEAR,HAY,ALL PRODUCTION PRACTICES,"2,800,000",6423000,323853000,,2.29
2004,Nevada,YEAR,HAY,ALL PRODUCTION PRACTICES,"420,000",1481000,154477000,,3.53
2004,New Hampshire,YEAR,HAY,ALL PRODUCTION PRACTICES,"59,000",108000,16180000,,1.83
2004,New Jersey,YEAR,HAY,ALL PRODUCTION PRACTICES,"120,000",282000,34845000,,2.35
2004,New Mexico,YEAR,HAY,ALL PRODUCTION PRACTICES,"330,000",1365000,165102000,,4.14
2004,New York,YEAR,HAY,ALL PRODUCTION PRACTICES,"1,270,000",2916000,325324000,,2.3
2004,North Carolina,YEAR,HAY,ALL PRODUCTION PRACTICES,"712,000",1776000,108120000,,2.49
2004,North Dakota,YEAR,HAY,ALL PRODUCTION PRACTICES,"2,730,000",3666000,202761000,,1.34
2004,Ohio,YEAR,HAY,ALL PRODUCTION PRACTICES,"1,190,000",3232000,291680000,,2.72
2004,Oklahoma,YEAR,HAY,ALL PRODUCTION PRACTICES,"3,060,000",5958000,339975000,,1.95
2004,Oregon,YEAR,HAY,ALL PRODUCTION PRACTICES,"1,130,000",3624000,371892000,,3.21
2004,Pennsylvania,YEAR,HAY,ALL PRODUCTION PRACTICES,"1,700,000",4296000,528024000,,2.53
2004,Rhode Island,YEAR,HAY,ALL PRODUCTION PRACTICES,"9,000",20000,3175000,,2.22
2004,South Carolina,YEAR,HAY,ALL PRODUCTION PRACTICES,"330,000",792000,49896000,,2.4
2004,South Dakota,YEAR,HAY,ALL PRODUCTION PRACTICES,"3,900,000",6870000,414375000,,1.76
2004,Tennessee,YEAR,HAY,ALL PRODUCTION PRACTICES,"1,935,000",4883000,256215000,,2.52
2004,Texas,YEAR,HAY,ALL PRODUCTION PRACTICES,"5,350,000",12295000,832725000,,2.3
2004,Utah,YEAR,HAY,ALL PRODUCTION PRACTICES,"715,000",2469000,216672000,,3.45
2004,Vermont,YEAR,HAY,ALL PRODUCTION PRACTICES,"210,000",350000,42630000,,1.67
2004,Virginia,YEAR,HAY,ALL PRODUCTION PRACTICES,"1,290,000",3272000,289368000,,2.54
2004,Washington,YEAR,HAY,ALL PRODUCTION PRACTICES,"790,000",3392000,379648000,,4.29
2004,West Virginia,YEAR,HAY,ALL PRODUCTION PRACTICES,"575,000",1062000,65178000,,1.85
2004,Wisconsin,YEAR,HAY,ALL PRODUCTION PRACTICES,"2,050,000",4880000,385440000,,2.38
2004,Wyoming,YEAR,HAY,ALL PRODUCTION PRACTICES,"990,000",2061000,149765000,,2.08
2003,Alabama,YEAR,HAY,ALL PRODUCTION PRACTICES,"780,000",2028000,117624000,,2.6
2003,Alaska,YEAR,HAY,ALL PRODUCTION PRACTICES,"22,000",29000,6525000,,1.32
2003,Arizona,YEAR,HAY,ALL PRODUCTION PRACTICES,"275,000",2162000,192843000,,7.86
2003,Arkansas,YEAR,HAY,ALL PRODUCTION PRACTICES,"1,340,000",2974000,148632000,,2.22
2003,California,YEAR,HAY,ALL PRODUCTION PRACTICES,"1,620,000",9485000,852425000,,5.85
2003,Colorado,YEAR,HAY,ALL PRODUCTION PRACTICES,"1,500,000",3610000,318630000,,2.41
2003,Connecticut,YEAR,HAY,ALL PRODUCTION PRACTICES,"63,000",139000,20150000,,2.21
2003,Delaware,YEAR,HAY,ALL PRODUCTION PRACTICES,"13,000",38000,5940000,,2.92
2003,Florida,YEAR,HAY,ALL PRODUCTION PRACTICES,"255,000",638000,57420000,,2.5
2003,Georgia,YEAR,HAY,ALL PRODUCTION PRACTICES,"600,000",1800000,111600000,,3
2003,Idaho,YEAR,HAY,ALL PRODUCTION PRACTICES,"1,500,000",4950000,426855000,,3.3
2003,Illinois,YEAR,HAY,ALL PRODUCTION PRACTICES,"775,000",2723000,229828000,,3.51
2003,Indiana,YEAR,HAY,ALL PRODUCTION PRACTICES,"650,000",2110000,207780000,,3.25
2003,Iowa,YEAR,HAY,ALL PRODUCTION PRACTICES,"1,600,000",5515000,438865000,,3.45
2003,Kansas,YEAR,HAY,ALL PRODUCTION PRACTICES,"3,250,000",7000000,459900000,,2.15
2003,Kentucky,YEAR,HAY,ALL PRODUCTION PRACTICES,"2,450,000",6375000,437375000,,2.6
2003,Louisiana,YEAR,HAY,ALL PRODUCTION PRACTICES,"380,000",1102000,56202000,,2.9
2003,Maine,YEAR,HAY,ALL PRODUCTION PRACTICES,"144,000",264000,28803000,,1.83
2003,Maryland,YEAR,HAY,ALL PRODUCTION PRACTICES,"195,000",539000,75232000,,2.76
2003,Massachusetts,YEAR,HAY,ALL PRODUCTION PRACTICES,"77,000",146000,21455000,,1.9
2003,Michigan,YEAR,HAY,ALL PRODUCTION PRACTICES,"1,050,000",2950000,278750000,,2.81
2003,Minnesota,YEAR,HAY,ALL PRODUCTION PRACTICES,"2,075,000",5245000,353355000,,2.53
2003,Mississippi,YEAR,HAY,ALL PRODUCTION PRACTICES,"750,000",1875000,78750000,,2.5
2003,Missouri,YEAR,HAY,ALL PRODUCTION PRACTICES,"4,250,000",8122000,487684000,,1.91
2003,Montana,YEAR,HAY,ALL PRODUCTION PRACTICES,"2,450,000",4635000,339338000,,1.89
2003,Nebraska,YEAR,HAY,ALL PRODUCTION PRACTICES,"3,150,000",7600000,407290000,,2.41
2003,Nevada,YEAR,HAY,ALL PRODUCTION PRACTICES,"440,000",1429000,135882000,,3.25
2003,New Hampshire,YEAR,HAY,ALL PRODUCTION PRACTICES,"52,000",107000,15110000,,2.06
2003,New Jersey,YEAR,HAY,ALL PRODUCTION PRACTICES,"120,000",267000,33855000,,2.23
2003,New Mexico,YEAR,HAY,ALL PRODUCTION PRACTICES,"300,000",1281000,180460000,,4.27
2003,New York,YEAR,HAY,ALL PRODUCTION PRACTICES,"1,850,000",3680000,417760000,,1.99
2003,North Carolina,YEAR,HAY,ALL PRODUCTION PRACTICES,"778,000",2030000,124500000,,2.61
2003,North Dakota,YEAR,HAY,ALL PRODUCTION PRACTICES,"2,950,000",4598000,233398000,,1.56
2003,Ohio,YEAR,HAY,ALL PRODUCTION PRACTICES,"1,350,000",3974000,424989000,,2.94
2003,Oklahoma,YEAR,HAY,ALL PRODUCTION PRACTICES,"2,810,000",5304000,319549000,,1.89
2003,Oregon,YEAR,HAY,ALL PRODUCTION PRACTICES,"1,100,000",3572000,313262000,,3.25
2003,Pennsylvania,YEAR,HAY,ALL PRODUCTION PRACTICES,"1,650,000",4070000,555060000,,2.47
2003,Rhode Island,YEAR,HAY,ALL PRODUCTION PRACTICES,"9,000",19000,2835000,,2.11
2003,South Carolina,YEAR,HAY,ALL PRODUCTION PRACTICES,"340,000",884000,57460000,,2.6
2003,South Dakota,YEAR,HAY,ALL PRODUCTION PRACTICES,"4,300,000",7210000,423515000,,1.68
2003,Tennessee,YEAR,HAY,ALL PRODUCTION PRACTICES,"2,030,000",4726000,262260000,,2.33
2003,Texas,YEAR,HAY,ALL PRODUCTION PRACTICES,"5,240,000",12388000,844213000,,2.36
2003,Utah,YEAR,HAY,ALL PRODUCTION PRACTICES,"700,000",2490000,199840000,,3.56
2003,Vermont,YEAR,HAY,ALL PRODUCTION PRACTICES,"225,000",450000,50050000,,2
2003,Virginia,YEAR,HAY,ALL PRODUCTION PRACTICES,"1,280,000",3445000,304655000,,2.69
2003,Washington,YEAR,HAY,ALL PRODUCTION PRACTICES,"810,000",3603000,343610000,,4.45
2003,West Virginia,YEAR,HAY,ALL PRODUCTION PRACTICES,"545,000",1063000,61039000,,1.95
2003,Wisconsin,YEAR,HAY,ALL PRODUCTION PRACTICES,"2,100,000",4380000,345080000,,2.09
2003,Wyoming,YEAR,HAY,ALL PRODUCTION PRACTICES,"1,200,000",2395000,186210000,,2
2002,Alabama,YEAR,HAY,ALL PRODUCTION PRACTICES,"825,000",1815000,103455000,,2.2
2002,Alaska,YEAR,HAY,ALL PRODUCTION PRACTICES,"23,000",26000,5590000,,1.13
2002,Arizona,YEAR,HAY,ALL PRODUCTION PRACTICES,"275,000",2034000,202289000,,7.4
2002,Arkansas,YEAR,HAY,ALL PRODUCTION PRACTICES,"1,430,000",3303000,179679000,,2.31
2002,California,YEAR,HAY,ALL PRODUCTION PRACTICES,"1,750,000",9774000,925107000,,5.59
2002,Colorado,YEAR,HAY,ALL PRODUCTION PRACTICES,"1,330,000",2977000,355108000,,2.24
2002,Connecticut,YEAR,HAY,ALL PRODUCTION PRACTICES,"62,000",123000,17454000,,1.98
2002,Delaware,YEAR,HAY,ALL PRODUCTION PRACTICES,"15,000",40000,6291000,,2.67
2002,Florida,YEAR,HAY,ALL PRODUCTION PRACTICES,"280,000",784000,76048000,,2.8
2002,Georgia,YEAR,HAY,ALL PRODUCTION PRACTICES,"650,000",1560000,88920000,,2.4
2002,Idaho,YEAR,HAY,ALL PRODUCTION PRACTICES,"1,490,000",5288000,496612000,,3.55
2002,Illinois,YEAR,HAY,ALL PRODUCTION PRACTICES,"775,000",2303000,203076000,,2.97
2002,Indiana,YEAR,HAY,ALL PRODUCTION PRACTICES,"600,000",1620000,194760000,,2.7
2002,Iowa,YEAR,HAY,ALL PRODUCTION PRACTICES,"1,600,000",5645000,459420000,,3.53
2002,Kansas,YEAR,HAY,ALL PRODUCTION PRACTICES,"3,250,000",6965000,591080000,,2.14
2002,Kentucky,YEAR,HAY,ALL PRODUCTION PRACTICES,"2,420,000",5128000,342456000,,2.12
2002,Louisiana,YEAR,HAY,ALL PRODUCTION PRACTICES,"420,000",1050000,47250000,,2.5
2002,Maine,YEAR,HAY,ALL PRODUCTION PRACTICES,"157,000",271000,29566000,,1.73
2002,Maryland,YEAR,HAY,ALL PRODUCTION PRACTICES,"220,000",526000,82044000,,2.39
2002,Massachusetts,YEAR,HAY,ALL PRODUCTION PRACTICES,"86,000",171000,25042000,,1.99
2002,Michigan,YEAR,HAY,ALL PRODUCTION PRACTICES,"1,100,000",3551000,297801000,,3.23
2002,Minnesota,YEAR,HAY,ALL PRODUCTION PRACTICES,"2,100,000",5810000,403690000,,2.77
2002,Mississippi,YEAR,HAY,ALL PRODUCTION PRACTICES,"750,000",1875000,77813000,,2.5
2002,Missouri,YEAR,HAY,ALL PRODUCTION PRACTICES,"4,250,000",8323000,517842000,,1.96
2002,Montana,YEAR,HAY,ALL PRODUCTION PRACTICES,"2,600,000",4540000,369730000,,1.75
2002,Nebraska,YEAR,HAY,ALL PRODUCTION PRACTICES,"3,050,000",5750000,481425000,,1.89
2002,Nevada,YEAR,HAY,ALL PRODUCTION PRACTICES,"485,000",1519000,155771000,,3.13
2002,New Hampshire,YEAR,HAY,ALL PRODUCTION PRACTICES,"54,000",101000,14099000,,1.87
2002,New Jersey,YEAR,HAY,ALL PRODUCTION PRACTICES,"120,000",222000,24450000,,1.85
2002,New Mexico,YEAR,HAY,ALL PRODUCTION PRACTICES,"360,000",1500000,208572000,,4.17
2002,New York,YEAR,HAY,ALL PRODUCTION PRACTICES,"1,710,000",3615000,378075000,,2.11
2002,North Carolina,YEAR,HAY,ALL PRODUCTION PRACTICES,"750,000",1354000,110120000,,1.81
2002,North Dakota,YEAR,HAY,ALL PRODUCTION PRACTICES,"3,300,000",3920000,231665000,,1.19
2002,Ohio,YEAR,HAY,ALL PRODUCTION PRACTICES,"1,320,000",3400000,386610000,,2.58
2002,Oklahoma,YEAR,HAY,ALL PRODUCTION PRACTICES,"3,150,000",5985000,381850000,,1.9
2002,Oregon,YEAR,HAY,ALL PRODUCTION PRACTICES,"1,115,000",3493000,348019000,,3.13
2002,Pennsylvania,YEAR,HAY,ALL PRODUCTION PRACTICES,"1,730,000",3448000,471928000,,1.99
2002,Rhode Island,YEAR,HAY,ALL PRODUCTION PRACTICES,"8,000",17000,2491000,,2.13
2002,South Carolina,YEAR,HAY,ALL PRODUCTION PRACTICES,"340,000",646000,45220000,,1.9
2002,South Dakota,YEAR,HAY,ALL PRODUCTION PRACTICES,"3,850,000",4815000,363870000,,1.25
2002,Tennessee,YEAR,HAY,ALL PRODUCTION PRACTICES,"1,980,000",4200000,237405000,,2.12
2002,Texas,YEAR,HAY,ALL PRODUCTION PRACTICES,"5,450,000",13410000,906240000,,2.46
2002,Utah,YEAR,HAY,ALL PRODUCTION PRACTICES,"715,000",2304000,212211000,,3.22
2002,Vermont,YEAR,HAY,ALL PRODUCTION PRACTICES,"240,000",480000,53550000,,2
2002,Virginia,YEAR,HAY,ALL PRODUCTION PRACTICES,"1,390,000",2475000,240663000,,1.78
2002,Washington,YEAR,HAY,ALL PRODUCTION PRACTICES,"820,000",3336000,375366000,,4.07
2002,West Virginia,YEAR,HAY,ALL PRODUCTION PRACTICES,"570,000",1061000,67477000,,1.86
2002,Wisconsin,YEAR,HAY,ALL PRODUCTION PRACTICES,"2,050,000",5340000,373050000,,2.6
2002,Wyoming,YEAR,HAY,ALL PRODUCTION PRACTICES,"950,000",1600000,175350000,,1.68
2001,Alabama,YEAR,HAY,ALL PRODUCTION PRACTICES,"920,000",2392000,131560000,,2.6
2001,Alaska,YEAR,HAY,ALL PRODUCTION PRACTICES,"23,000",30000,6300000,,1.3
2001,Arizona,YEAR,HAY,ALL PRODUCTION PRACTICES,"258,000",1862000,183273000,,7.22
2001,Arkansas,YEAR,HAY,ALL PRODUCTION PRACTICES,"1,320,000",2792000,171488000,,2.12
2001,California,YEAR,HAY,ALL PRODUCTION PRACTICES,"1,560,000",8775000,1000748000,,5.63
2001,Colorado,YEAR,HAY,ALL PRODUCTION PRACTICES,"1,600,000",4780000,480440000,,2.99
2001,Connecticut,YEAR,HAY,ALL PRODUCTION PRACTICES,"63,000",117000,17244000,,1.86
2001,Delaware,YEAR,HAY,ALL PRODUCTION PRACTICES,"17,000",49000,6731000,,2.88
2001,Florida,YEAR,HAY,ALL PRODUCTION PRACTICES,"270,000",756000,72576000,,2.8
2001,Georgia,YEAR,HAY,ALL PRODUCTION PRACTICES,"650,000",1950000,113100000,,3
2001,Idaho,YEAR,HAY,ALL PRODUCTION PRACTICES,"1,420,000",4938000,565014000,,3.48
2001,Illinois,YEAR,HAY,ALL PRODUCTION PRACTICES,"800,000",2670000,231645000,,3.34
2001,Indiana,YEAR,HAY,ALL PRODUCTION PRACTICES,"610,000",2048000,176088000,,3.36
2001,Iowa,YEAR,HAY,ALL PRODUCTION PRACTICES,"1,650,000",5565000,480095000,,3.37
2001,Kansas,YEAR,HAY,ALL PRODUCTION PRACTICES,"3,300,000",7980000,641130000,,2.42
2001,Kentucky,YEAR,HAY,ALL PRODUCTION PRACTICES,"2,360,000",5582000,363679000,,2.37
2001,Louisiana,YEAR,HAY,ALL PRODUCTION PRACTICES,"450,000",1260000,64260000,,2.8
2001,Maine,YEAR,HAY,ALL PRODUCTION PRACTICES,"145,000",225000,24170000,,1.55
2001,Maryland,YEAR,HAY,ALL PRODUCTION PRACTICES,"225,000",522000,70250000,,2.32
2001,Massachusetts,YEAR,HAY,ALL PRODUCTION PRACTICES,"97,000",183000,26619000,,1.89
2001,Michigan,YEAR,HAY,ALL PRODUCTION PRACTICES,"1,150,000",3610000,253510000,,3.14
2001,Minnesota,YEAR,HAY,ALL PRODUCTION PRACTICES,"2,150,000",6195000,366468000,,2.88
2001,Mississippi,YEAR,HAY,ALL PRODUCTION PRACTICES,"780,000",1950000,85800000,,2.5
2001,Missouri,YEAR,HAY,ALL PRODUCTION PRACTICES,"4,280,000",8179000,562763000,,1.91
2001,Montana,YEAR,HAY,ALL PRODUCTION PRACTICES,"2,650,000",4990000,464050000,,1.88
2001,Nebraska,YEAR,HAY,ALL PRODUCTION PRACTICES,"3,200,000",7400000,507230000,,2.31
2001,Nevada,YEAR,HAY,ALL PRODUCTION PRACTICES,"495,000",1584000,180165000,,3.2
2001,New Hampshire,YEAR,HAY,ALL PRODUCTION PRACTICES,"57,000",99000,12992000,,1.74
2001,New Jersey,YEAR,HAY,ALL PRODUCTION PRACTICES,"120,000",255000,28713000,,2.13
2001,New Mexico,YEAR,HAY,ALL PRODUCTION PRACTICES,"370,000",1542000,189694000,,4.17
2001,New York,YEAR,HAY,ALL PRODUCTION PRACTICES,"1,670,000",3576000,357234000,,2.14
2001,North Carolina,YEAR,HAY,ALL PRODUCTION PRACTICES,"710,000",1578000,113460000,,2.22
2001,North Dakota,YEAR,HAY,ALL PRODUCTION PRACTICES,"2,750,000",5143000,231297000,,1.87
2001,Ohio,YEAR,HAY,ALL PRODUCTION PRACTICES,"1,390,000",4007000,360622000,,2.88
2001,Oklahoma,YEAR,HAY,ALL PRODUCTION PRACTICES,"2,410,000",3842000,270881000,,1.59
2001,Oregon,YEAR,HAY,ALL PRODUCTION PRACTICES,"1,025,000",3052000,333626000,,2.98
2001,Pennsylvania,YEAR,HAY,ALL PRODUCTION PRACTICES,"1,650,000",3439000,401117000,,2.08
2001,Rhode Island,YEAR,HAY,ALL PRODUCTION PRACTICES,"9,000",16000,2388000,,1.78
2001,South Carolina,YEAR,HAY,ALL PRODUCTION PRACTICES,"320,000",640000,54400000,,2
2001,South Dakota,YEAR,HAY,ALL PRODUCTION PRACTICES,"4,700,000",9150000,574725000,,1.95
2001,Tennessee,YEAR,HAY,ALL PRODUCTION PRACTICES,"2,035,000",4530000,244790000,,2.23
2001,Texas,YEAR,HAY,ALL PRODUCTION PRACTICES,"5,040,000",10486000,725298000,,2.08
2001,Utah,YEAR,HAY,ALL PRODUCTION PRACTICES,"720,000",2576000,236432000,,3.58
2001,Vermont,YEAR,HAY,ALL PRODUCTION PRACTICES,"240,000",400000,44480000,,1.67
2001,Virginia,YEAR,HAY,ALL PRODUCTION PRACTICES,"1,330,000",2803000,237145000,,2.11
2001,Washington,YEAR,HAY,ALL PRODUCTION PRACTICES,"790,000",3088000,375328000,,3.91
2001,West Virginia,YEAR,HAY,ALL PRODUCTION PRACTICES,"580,000",1079000,71875000,,1.86
2001,Wisconsin,YEAR,HAY,ALL PRODUCTION PRACTICES,"2,050,000",4880000,279015000,,2.38
2001,Wyoming,YEAR,HAY,ALL PRODUCTION PRACTICES,"1,130,000",1881000,203885000,,1.66
2000,Alabama,YEAR,HAY,ALL PRODUCTION PRACTICES,"720,000",1296000,72576000,,1.8
2000,Alaska,YEAR,HAY,ALL PRODUCTION PRACTICES,"18,000",17000,3740000,,0.94
2000,Arizona,YEAR,HAY,ALL PRODUCTION PRACTICES,"247,000",1870000,174688000,,7.57
2000,Arkansas,YEAR,HAY,ALL PRODUCTION PRACTICES,"1,250,000",2879000,164374000,,2.3
2000,California,YEAR,HAY,ALL PRODUCTION PRACTICES,"1,540,000",8596000,771176000,,5.58
2000,Colorado,YEAR,HAY,ALL PRODUCTION PRACTICES,"1,450,000",4265000,363790000,,2.94
2000,Connecticut,YEAR,HAY,ALL PRODUCTION PRACTICES,"65,000",137000,19386000,,2.11
2000,Delaware,YEAR,HAY,ALL PRODUCTION PRACTICES,"17,000",63000,7244000,,3.71
2000,Florida,YEAR,HAY,ALL PRODUCTION PRACTICES,"270,000",675000,55350000,,2.5
2000,Georgia,YEAR,HAY,ALL PRODUCTION PRACTICES,"650,000",1560000,92040000,,2.4
2000,Idaho,YEAR,HAY,ALL PRODUCTION PRACTICES,"1,390,000",5292000,491547000,,3.81
2000,Illinois,YEAR,HAY,ALL PRODUCTION PRACTICES,"830,000",2594000,209407000,,3.13
2000,Indiana,YEAR,HAY,ALL PRODUCTION PRACTICES,"750,000",2627000,216628000,,3.5
2000,Iowa,YEAR,HAY,ALL PRODUCTION PRACTICES,"1,730,000",6145000,486770000,,3.55
2000,Kansas,YEAR,HAY,ALL PRODUCTION PRACTICES,"2,850,000",6745000,485070000,,2.37
2000,Kentucky,YEAR,HAY,ALL PRODUCTION PRACTICES,"2,430,000",6177000,467373000,,2.54
2000,Louisiana,YEAR,HAY,ALL PRODUCTION PRACTICES,"350,000",665000,32585000,,1.9
2000,Maine,YEAR,HAY,ALL PRODUCTION PRACTICES,"147,000",269000,28513000,,1.83
2000,Maryland,YEAR,HAY,ALL PRODUCTION PRACTICES,"235,000",711000,79934000,,3.03
2000,Massachusetts,YEAR,HAY,ALL PRODUCTION PRACTICES,"96,000",197000,27668000,,2.05
2000,Michigan,YEAR,HAY,ALL PRODUCTION PRACTICES,"1,300,000",4330000,272040000,,3.33
2000,Minnesota,YEAR,HAY,ALL PRODUCTION PRACTICES,"2,250,000",6840000,422730000,,3.04
2000,Mississippi,YEAR,HAY,ALL PRODUCTION PRACTICES,"770,000",1232000,55440000,,1.6
2000,Missouri,YEAR,HAY,ALL PRODUCTION PRACTICES,"4,090,000",7499000,523215000,,1.83
2000,Montana,YEAR,HAY,ALL PRODUCTION PRACTICES,"2,100,000",3850000,325290000,,1.83
2000,Nebraska,YEAR,HAY,ALL PRODUCTION PRACTICES,"2,950,000",5945000,409228000,,2.02
2000,Nevada,YEAR,HAY,ALL PRODUCTION PRACTICES,"500,000",1648000,154739000,,3.3
2000,New Hampshire,YEAR,HAY,ALL PRODUCTION PRACTICES,"58,000",101000,12951000,,1.74
2000,New Jersey,YEAR,HAY,ALL PRODUCTION PRACTICES,"120,000",243000,26190000,,2.03
2000,New Mexico,YEAR,HAY,ALL PRODUCTION PRACTICES,"390,000",1688000,205352000,,4.33
2000,New York,YEAR,HAY,ALL PRODUCTION PRACTICES,"1,500,000",3075000,315053000,,2.05
2000,North Carolina,YEAR,HAY,ALL PRODUCTION PRACTICES,"710,000",1848000,131520000,,2.6
2000,North Dakota,YEAR,HAY,ALL PRODUCTION PRACTICES,"2,400,000",5025000,204375000,,2.09
2000,Ohio,YEAR,HAY,ALL PRODUCTION PRACTICES,"1,280,000",4288000,389504000,,3.35
2000,Oklahoma,YEAR,HAY,ALL PRODUCTION PRACTICES,"2,430,000",4659000,284498000,,1.92
2000,Oregon,YEAR,HAY,ALL PRODUCTION PRACTICES,"1,080,000",3018000,278772000,,2.79
2000,Pennsylvania,YEAR,HAY,ALL PRODUCTION PRACTICES,"1,800,000",4430000,491360000,,2.46
2000,Rhode Island,YEAR,HAY,ALL PRODUCTION PRACTICES,"10,000",22000,3186000,,2.2
2000,South Carolina,YEAR,HAY,ALL PRODUCTION PRACTICES,"300,000",720000,57600000,,2.4
2000,South Dakota,YEAR,HAY,ALL PRODUCTION PRACTICES,"4,050,000",7393000,453191000,,1.83
2000,Tennessee,YEAR,HAY,ALL PRODUCTION PRACTICES,"2,035,000",4737000,240881000,,2.33
2000,Texas,YEAR,HAY,ALL PRODUCTION PRACTICES,"4,330,000",9340000,639610000,,2.16
2000,Utah,YEAR,HAY,ALL PRODUCTION PRACTICES,"725,000",2600000,198450000,,3.59
2000,Vermont,YEAR,HAY,ALL PRODUCTION PRACTICES,"230,000",406000,44412000,,1.77
2000,Virginia,YEAR,HAY,ALL PRODUCTION PRACTICES,"1,320,000",3240000,276840000,,2.45
2000,Washington,YEAR,HAY,ALL PRODUCTION PRACTICES,"780,000",3249000,355261000,,4.17
2000,West Virginia,YEAR,HAY,ALL PRODUCTION PRACTICES,"600,000",1315000,82510000,,2.19
2000,Wisconsin,YEAR,HAY,ALL PRODUCTION PRACTICES,"2,100,000",6000000,281400000,,2.86
2000,Wyoming,YEAR,HAY,ALL PRODUCTION PRACTICES,"1,130,000",2099000,175165000,,1.86
1999,Alabama,YEAR,HAY,ALL PRODUCTION PRACTICES,"800,000",1840000,101200000,,2.3
1999,Alaska,YEAR,HAY,ALL PRODUCTION PRACTICES,"20,300",23200,4524000,,1.14
1999,Arizona,YEAR,HAY,ALL PRODUCTION PRACTICES,"240,000",1752000,153434000,,7.3
1999,Arkansas,YEAR,HAY,ALL PRODUCTION PRACTICES,"1,240,000",2380000,130920000,,1.92
1999,California,YEAR,HAY,ALL PRODUCTION PRACTICES,"1,580,000",8782000,767325000,,5.56
1999,Colorado,YEAR,HAY,ALL PRODUCTION PRACTICES,"1,520,000",4598000,310194000,,3.03
1999,Connecticut,YEAR,HAY,ALL PRODUCTION PRACTICES,"61,000",94000,12958000,,1.54
1999,Delaware,YEAR,HAY,ALL PRODUCTION PRACTICES,"15,000",46000,5987000,,3.07
1999,Florida,YEAR,HAY,ALL PRODUCTION PRACTICES,"260,000",754000,72007000,,2.9
1999,Georgia,YEAR,HAY,ALL PRODUCTION PRACTICES,"600,000",1500000,96000000,,2.5
1999,Idaho,YEAR,HAY,ALL PRODUCTION PRACTICES,"1,430,000",5132000,417788000,,3.59
1999,Illinois,YEAR,HAY,ALL PRODUCTION PRACTICES,"830,000",2636000,204792000,,3.18
1999,Indiana,YEAR,HAY,ALL PRODUCTION PRACTICES,"700,000",2230000,194560000,,3.19
1999,Iowa,YEAR,HAY,ALL PRODUCTION PRACTICES,"1,700,000",5970000,432285000,,3.51
1999,Kansas,YEAR,HAY,ALL PRODUCTION PRACTICES,"2,750,000",7475000,452060000,,2.72
1999,Kentucky,YEAR,HAY,ALL PRODUCTION PRACTICES,"2,380,000",4752000,398670000,,2
1999,Louisiana,YEAR,HAY,ALL PRODUCTION PRACTICES,"380,000",912000,46512000,,2.4
1999,Maine,YEAR,HAY,ALL PRODUCTION PRACTICES,"162,000",230000,23080000,,1.42
1999,Maryland,YEAR,HAY,ALL PRODUCTION PRACTICES,"210,000",528000,66024000,,2.51
1999,Massachusetts,YEAR,HAY,ALL PRODUCTION PRACTICES,"107,000",167000,23338000,,1.56
1999,Michigan,YEAR,HAY,ALL PRODUCTION PRACTICES,"1,300,000",4415000,305805000,,3.4
1999,Minnesota,YEAR,HAY,ALL PRODUCTION PRACTICES,"2,450,000",7130000,433340000,,2.91
1999,Mississippi,YEAR,HAY,ALL PRODUCTION PRACTICES,"850,000",1615000,68638000,,1.9
1999,Missouri,YEAR,HAY,ALL PRODUCTION PRACTICES,"3,990,000",7791000,547257000,,1.95
1999,Montana,YEAR,HAY,ALL PRODUCTION PRACTICES,"2,550,000",5015000,318240000,,1.97
1999,Nebraska,YEAR,HAY,ALL PRODUCTION PRACTICES,"3,200,000",7700000,286440000,,2.41
1999,Nevada,YEAR,HAY,ALL PRODUCTION PRACTICES,"490,000",1492000,123303000,,3.04
1999,New Hampshire,YEAR,HAY,ALL PRODUCTION PRACTICES,"62,000",109000,14139000,,1.76
1999,New Jersey,YEAR,HAY,ALL PRODUCTION PRACTICES,"120,000",225000,31446000,,1.88
1999,New Mexico,YEAR,HAY,ALL PRODUCTION PRACTICES,"380,000",1706000,193540000,,4.49
1999,New York,YEAR,HAY,ALL PRODUCTION PRACTICES,"1,500,000",2975000,307820000,,1.98
1999,North Carolina,YEAR,HAY,ALL PRODUCTION PRACTICES,"710,000",1544000,118500000,,2.17
1999,North Dakota,YEAR,HAY,ALL PRODUCTION PRACTICES,"2,900,000",5511000,203471000,,1.9
1999,Ohio,YEAR,HAY,ALL PRODUCTION PRACTICES,"1,240,000",3000000,311400000,,2.42
1999,Oklahoma,YEAR,HAY,ALL PRODUCTION PRACTICES,"2,560,000",5000000,289060000,,1.95
1999,Oregon,YEAR,HAY,ALL PRODUCTION PRACTICES,"1,100,000",3208000,286208000,,2.92
1999,Pennsylvania,YEAR,HAY,ALL PRODUCTION PRACTICES,"1,900,000",3360000,440160000,,1.77
1999,Rhode Island,YEAR,HAY,ALL PRODUCTION PRACTICES,"9,000",17000,2455000,,1.89
1999,South Carolina,YEAR,HAY,ALL PRODUCTION PRACTICES,"300,000",630000,47250000,,2.1
1999,South Dakota,YEAR,HAY,ALL PRODUCTION PRACTICES,"4,000,000",9440000,387360000,,2.36
1999,Tennessee,YEAR,HAY,ALL PRODUCTION PRACTICES,"1,880,000",3793000,199581000,,2.02
1999,Texas,YEAR,HAY,ALL PRODUCTION PRACTICES,"5,340,000",12730000,849140000,,2.38
1999,Utah,YEAR,HAY,ALL PRODUCTION PRACTICES,"710,000",2788000,190460000,,3.93
1999,Vermont,YEAR,HAY,ALL PRODUCTION PRACTICES,"245,000",417000,43779000,,1.7
1999,Virginia,YEAR,HAY,ALL PRODUCTION PRACTICES,"1,270,000",2140000,191160000,,1.69
1999,Washington,YEAR,HAY,ALL PRODUCTION PRACTICES,"740,000",3059000,307027000,,4.13
1999,West Virginia,YEAR,HAY,ALL PRODUCTION PRACTICES,"580,000",794000,53120000,,1.37
1999,Wisconsin,YEAR,HAY,ALL PRODUCTION PRACTICES,"2,550,000",7410000,368220000,,2.91
1999,Wyoming,YEAR,HAY,ALL PRODUCTION PRACTICES,"1,290,000",2790000,179874000,,2.16
1998,Alabama,YEAR,HAY,ALL PRODUCTION PRACTICES,"750,000",1575000,83475000,,2.1
1998,Alaska,YEAR,HAY,ALL PRODUCTION PRACTICES,"22,000",23700,4740000,,1.08
1998,Arizona,YEAR,HAY,ALL PRODUCTION PRACTICES,"240,000",1740000,154190000,,7.25
1998,Arkansas,YEAR,HAY,ALL PRODUCTION PRACTICES,"1,175,000",2250000,126245000,,1.91
1998,California,YEAR,HAY,ALL PRODUCTION PRACTICES,"1,630,000",8554000,789572000,,5.25
1998,Colorado,YEAR,HAY,ALL PRODUCTION PRACTICES,"1,410,000",4602000,430782000,,3.26
1998,Connecticut,YEAR,HAY,ALL PRODUCTION PRACTICES,"63,000",128000,17180000,,2.03
1998,Delaware,YEAR,HAY,ALL PRODUCTION PRACTICES,"16,000",55000,6517000,,3.44
1998,Florida,YEAR,HAY,ALL PRODUCTION PRACTICES,"250,000",625000,71250000,,2.5
1998,Georgia,YEAR,HAY,ALL PRODUCTION PRACTICES,"650,000",1495000,106145000,,2.3
1998,Idaho,YEAR,HAY,ALL PRODUCTION PRACTICES,"1,400,000",5420000,441480000,,3.87
1998,Illinois,YEAR,HAY,ALL PRODUCTION PRACTICES,"930,000",3311000,275772000,,3.56
1998,Indiana,YEAR,HAY,ALL PRODUCTION PRACTICES,"730,000",2608000,218902000,,3.57
1998,Iowa,YEAR,HAY,ALL PRODUCTION PRACTICES,"1,570,000",5332000,432836000,,3.4
1998,Kansas,YEAR,HAY,ALL PRODUCTION PRACTICES,"2,900,000",8020000,555860000,,2.77
1998,Kentucky,YEAR,HAY,ALL PRODUCTION PRACTICES,"2,350,000",5705000,450590000,,2.43
1998,Louisiana,YEAR,HAY,ALL PRODUCTION PRACTICES,"330,000",726000,41382000,,2.2
1998,Maine,YEAR,HAY,ALL PRODUCTION PRACTICES,"158,000",280000,31708000,,1.77
1998,Maryland,YEAR,HAY,ALL PRODUCTION PRACTICES,"200,000",632000,74852000,,3.16
1998,Massachusetts,YEAR,HAY,ALL PRODUCTION PRACTICES,"103,000",202000,28346000,,1.96
1998,Michigan,YEAR,HAY,ALL PRODUCTION PRACTICES,"1,250,000",3565000,306410000,,2.85
1998,Minnesota,YEAR,HAY,ALL PRODUCTION PRACTICES,"2,400,000",7110000,482040000,,2.96
1998,Mississippi,YEAR,HAY,ALL PRODUCTION PRACTICES,"790,000",1738000,73865000,,2.2
1998,Missouri,YEAR,HAY,ALL PRODUCTION PRACTICES,"3,900,000",8125000,548925000,,2.08
1998,Montana,YEAR,HAY,ALL PRODUCTION PRACTICES,"2,450,000",4940000,348020000,,2.02
1998,Nebraska,YEAR,HAY,ALL PRODUCTION PRACTICES,"3,200,000",7680000,363150000,,2.4
1998,Nevada,YEAR,HAY,ALL PRODUCTION PRACTICES,"485,000",1556000,156308000,,3.21
1998,New Hampshire,YEAR,HAY,ALL PRODUCTION PRACTICES,"56,000",113000,16221000,,2.02
1998,New Jersey,YEAR,HAY,ALL PRODUCTION PRACTICES,"120,000",237000,30318000,,1.98
1998,New Mexico,YEAR,HAY,ALL PRODUCTION PRACTICES,"360,000",1548000,181827000,,4.3
1998,New York,YEAR,HAY,ALL PRODUCTION PRACTICES,"1,400,000",3110000,288830000,,2.22
1998,North Carolina,YEAR,HAY,ALL PRODUCTION PRACTICES,"670,000",1486000,118596000,,2.22
1998,North Dakota,YEAR,HAY,ALL PRODUCTION PRACTICES,"2,600,000",4190000,206125000,,1.61
1998,Ohio,YEAR,HAY,ALL PRODUCTION PRACTICES,"1,160,000",3490000,331525000,,3.01
1998,Oklahoma,YEAR,HAY,ALL PRODUCTION PRACTICES,"2,250,000",3380000,237120000,,1.5
1998,Oregon,YEAR,HAY,ALL PRODUCTION PRACTICES,"970,000",3374000,337698000,,3.48
1998,Pennsylvania,YEAR,HAY,ALL PRODUCTION PRACTICES,"1,850,000",3915000,456170000,,2.12
1998,Rhode Island,YEAR,HAY,ALL PRODUCTION PRACTICES,"10,000",22000,3298000,,2.2
1998,South Carolina,YEAR,HAY,ALL PRODUCTION PRACTICES,"320,000",640000,54400000,,2
1998,South Dakota,YEAR,HAY,ALL PRODUCTION PRACTICES,"4,000,000",8160000,403200000,,2.04
1998,Tennessee,YEAR,HAY,ALL PRODUCTION PRACTICES,"1,785,000",3969000,221585000,,2.22
1998,Texas,YEAR,HAY,ALL PRODUCTION PRACTICES,"4,040,000",6870000,564990000,,1.7
1998,Utah,YEAR,HAY,ALL PRODUCTION PRACTICES,"710,000",2778000,204216000,,3.91
1998,Vermont,YEAR,HAY,ALL PRODUCTION PRACTICES,"245,000",504000,60560000,,2.06
1998,Virginia,YEAR,HAY,ALL PRODUCTION PRACTICES,"1,260,000",2604000,213468000,,2.07
1998,Washington,YEAR,HAY,ALL PRODUCTION PRACTICES,"750,000",3156000,312588000,,4.21
1998,West Virginia,YEAR,HAY,ALL PRODUCTION PRACTICES,"580,000",1157000,66089000,,1.99
1998,Wisconsin,YEAR,HAY,ALL PRODUCTION PRACTICES,"2,350,000",6265000,469770000,,2.67
1998,Wyoming,YEAR,HAY,ALL PRODUCTION PRACTICES,"1,190,000",2445000,181395000,,2.05
1997,Alabama,YEAR,HAY,ALL PRODUCTION PRACTICES,"770,000",1733000,81451000,,2.25
1997,Alaska,YEAR,HAY,ALL PRODUCTION PRACTICES,"22,500",26000,4940000,,1.16
1997,Arizona,YEAR,HAY,ALL PRODUCTION PRACTICES,"230,000",1706000,187594000,,7.42
1997,Arkansas,YEAR,HAY,ALL PRODUCTION PRACTICES,"1,225,000",2470000,138560000,,2.02
1997,California,YEAR,HAY,ALL PRODUCTION PRACTICES,"1,510,000",8408000,967624000,,5.57
1997,Colorado,YEAR,HAY,ALL PRODUCTION PRACTICES,"1,590,000",4739000,485954000,,2.98
1997,Connecticut,YEAR,HAY,ALL PRODUCTION PRACTICES,"72,000",137000,18904000,,1.9
1997,Delaware,YEAR,HAY,ALL PRODUCTION PRACTICES,"15,000",48000,7056000,,3.2
1997,Florida,YEAR,HAY,ALL PRODUCTION PRACTICES,"250,000",650000,55900000,,2.6
1997,Georgia,YEAR,HAY,ALL PRODUCTION PRACTICES,"600,000",1560000,92040000,,2.6
1997,Idaho,YEAR,HAY,ALL PRODUCTION PRACTICES,"1,300,000",4730000,483110000,,3.64
1997,Illinois,YEAR,HAY,ALL PRODUCTION PRACTICES,"970,000",3159000,315588000,,3.26
1997,Indiana,YEAR,HAY,ALL PRODUCTION PRACTICES,"725,000",2333000,259635000,,3.22
1997,Iowa,YEAR,HAY,ALL PRODUCTION PRACTICES,"1,650,000",5190000,543660000,,3.15
1997,Kansas,YEAR,HAY,ALL PRODUCTION PRACTICES,"2,700,000",6840000,550080000,,2.53
1997,Kentucky,YEAR,HAY,ALL PRODUCTION PRACTICES,"2,100,000",4635000,330660000,,2.21
1997,Louisiana,YEAR,HAY,ALL PRODUCTION PRACTICES,"395,000",1027000,55458000,,2.6
1997,Maine,YEAR,HAY,ALL PRODUCTION PRACTICES,"165,000",253000,29189000,,1.53
1997,Maryland,YEAR,HAY,ALL PRODUCTION PRACTICES,"200,000",501000,68220000,,2.51
1997,Massachusetts,YEAR,HAY,ALL PRODUCTION PRACTICES,"92,000",167000,24049000,,1.82
1997,Michigan,YEAR,HAY,ALL PRODUCTION PRACTICES,"1,250,000",3760000,378530000,,3.01
1997,Minnesota,YEAR,HAY,ALL PRODUCTION PRACTICES,"2,325,000",6398000,570394000,,2.75
1997,Mississippi,YEAR,HAY,ALL PRODUCTION PRACTICES,"720,000",1800000,76500000,,2.5
1997,Missouri,YEAR,HAY,ALL PRODUCTION PRACTICES,"3,650,000",7340000,521420000,,2.01
1997,Montana,YEAR,HAY,ALL PRODUCTION PRACTICES,"2,600,000",5480000,421680000,,2.11
1997,Nebraska,YEAR,HAY,ALL PRODUCTION PRACTICES,"3,200,000",6790000,485941000,,2.12
1997,Nevada,YEAR,HAY,ALL PRODUCTION PRACTICES,"490,000",1506000,153690000,,3.07
1997,New Hampshire,YEAR,HAY,ALL PRODUCTION PRACTICES,"62,000",105000,14331000,,1.69
1997,New Jersey,YEAR,HAY,ALL PRODUCTION PRACTICES,"120,000",282000,33711000,,2.35
1997,New Mexico,YEAR,HAY,ALL PRODUCTION PRACTICES,"345,000",1497000,184989000,,4.34
1997,New York,YEAR,HAY,ALL PRODUCTION PRACTICES,"1,530,000",3444000,326330000,,2.25
1997,North Carolina,YEAR,HAY,ALL PRODUCTION PRACTICES,"650,000",1383000,115986000,,2.13
1997,North Dakota,YEAR,HAY,ALL PRODUCTION PRACTICES,"3,150,000",4375000,246750000,,1.39
1997,Ohio,YEAR,HAY,ALL PRODUCTION PRACTICES,"1,250,000",3850000,499110000,,3.08
1997,Oklahoma,YEAR,HAY,ALL PRODUCTION PRACTICES,"2,560,000",5108000,332422000,,2
1997,Oregon,YEAR,HAY,ALL PRODUCTION PRACTICES,"1,035,000",3266000,361020000,,3.16
1997,Pennsylvania,YEAR,HAY,ALL PRODUCTION PRACTICES,"1,870,000",4106000,577558000,,2.2
1997,Rhode Island,YEAR,HAY,ALL PRODUCTION PRACTICES,"8,000",16000,2303000,,2
1997,South Carolina,YEAR,HAY,ALL PRODUCTION PRACTICES,"300,000",630000,53550000,,2.1
1997,South Dakota,YEAR,HAY,ALL PRODUCTION PRACTICES,"4,100,000",7810000,570995000,,1.9
1997,Tennessee,YEAR,HAY,ALL PRODUCTION PRACTICES,"1,740,000",3702000,207036000,,2.13
1997,Texas,YEAR,HAY,ALL PRODUCTION PRACTICES,"4,435,000",10955000,715880000,,2.47
1997,Utah,YEAR,HAY,ALL PRODUCTION PRACTICES,"715,000",2718000,223176000,,3.8
1997,Vermont,YEAR,HAY,ALL PRODUCTION PRACTICES,"265,000",522000,68370000,,1.97
1997,Virginia,YEAR,HAY,ALL PRODUCTION PRACTICES,"1,170,000",2273000,187854000,,1.94
1997,Washington,YEAR,HAY,ALL PRODUCTION PRACTICES,"780,000",3084000,361824000,,3.95
1997,West Virginia,YEAR,HAY,ALL PRODUCTION PRACTICES,"575,000",1101000,63849000,,1.91
1997,Wisconsin,YEAR,HAY,ALL PRODUCTION PRACTICES,"2,370,000",6353000,584450000,,2.68
1997,Wyoming,YEAR,HAY,ALL PRODUCTION PRACTICES,"1,260,000",2596000,215444000,,2.06
1996,Alabama,YEAR,HAY,ALL PRODUCTION PRACTICES,"730,000",1752000,85848000,,2.4
1996,Arizona,YEAR,HAY,ALL PRODUCTION PRACTICES,"179,000",1347000,126592000,,7.53
1996,Arkansas,YEAR,HAY,ALL PRODUCTION PRACTICES,"1,175,000",2360000,134300000,,2.01
1996,California,YEAR,HAY,ALL PRODUCTION PRACTICES,"1,450,000",8008000,840896000,,5.52
1996,Colorado,YEAR,HAY,ALL PRODUCTION PRACTICES,"1,510,000",4180000,402120000,,2.77
1996,Connecticut,YEAR,HAY,ALL PRODUCTION PRACTICES,"80,000",162000,20314000,,2.03
1996,Delaware,YEAR,HAY,ALL PRODUCTION PRACTICES,"15,000",64000,7872000,,4.27
1996,Florida,YEAR,HAY,ALL PRODUCTION PRACTICES,"240,000",624000,52416000,,2.6
1996,Georgia,YEAR,HAY,ALL PRODUCTION PRACTICES,"600,000",1680000,105000000,,2.8
1996,Idaho,YEAR,HAY,ALL PRODUCTION PRACTICES,"1,280,000",4760000,450240000,,3.72
1996,Illinois,YEAR,HAY,ALL PRODUCTION PRACTICES,"950,000",2860000,302280000,,3.01
1996,Indiana,YEAR,HAY,ALL PRODUCTION PRACTICES,"725,000",2020000,261800000,,2.79
1996,Iowa,YEAR,HAY,ALL PRODUCTION PRACTICES,"1,650,000",5310000,538335000,,3.22
1996,Kansas,YEAR,HAY,ALL PRODUCTION PRACTICES,"2,500,000",7010000,543695000,,2.8
1996,Kentucky,YEAR,HAY,ALL PRODUCTION PRACTICES,"2,400,000",5700000,442350000,,2.38
1996,Louisiana,YEAR,HAY,ALL PRODUCTION PRACTICES,"310,000",837000,46035000,,2.7
1996,Maine,YEAR,HAY,ALL PRODUCTION PRACTICES,"185,000",336000,29310000,,1.82
1996,Maryland,YEAR,HAY,ALL PRODUCTION PRACTICES,"220,000",698000,83104000,,3.17
1996,Massachusetts,YEAR,HAY,ALL PRODUCTION PRACTICES,"90,000",180000,21180000,,2
1996,Michigan,YEAR,HAY,ALL PRODUCTION PRACTICES,"1,300,000",4190000,442895000,,3.22
1996,Minnesota,YEAR,HAY,ALL PRODUCTION PRACTICES,"2,225,000",5998000,526646000,,2.7
1996,Mississippi,YEAR,HAY,ALL PRODUCTION PRACTICES,"800,000",2000000,108000000,,2.5
1996,Missouri,YEAR,HAY,ALL PRODUCTION PRACTICES,"3,880,000",7270000,505195000,,1.87
1996,Montana,YEAR,HAY,ALL PRODUCTION PRACTICES,"2,600,000",4920000,379620000,,1.89
1996,Nebraska,YEAR,HAY,ALL PRODUCTION PRACTICES,"3,150,000",7455000,470033000,,2.37
1996,Nevada,YEAR,HAY,ALL PRODUCTION PRACTICES,"480,000",1516000,146421000,,3.16
1996,New Hampshire,YEAR,HAY,ALL PRODUCTION PRACTICES,"67,000",117000,13399000,,1.75
1996,New Jersey,YEAR,HAY,ALL PRODUCTION PRACTICES,"120,000",269000,31873000,,2.24
1996,New Mexico,YEAR,HAY,ALL PRODUCTION PRACTICES,"350,000",1475000,184175000,,4.21
1996,New York,YEAR,HAY,ALL PRODUCTION PRACTICES,"1,510,000",3468000,301566000,,2.3
1996,North Carolina,YEAR,HAY,ALL PRODUCTION PRACTICES,"645,000",1365000,112287000,,2.12
1996,North Dakota,YEAR,HAY,ALL PRODUCTION PRACTICES,"2,900,000",4825000,240068000,,1.66
1996,Ohio,YEAR,HAY,ALL PRODUCTION PRACTICES,"1,200,000",3400000,455750000,,2.83
1996,Oklahoma,YEAR,HAY,ALL PRODUCTION PRACTICES,"2,660,000",4940000,371220000,,1.86
1996,Oregon,YEAR,HAY,ALL PRODUCTION PRACTICES,"1,070,000",3244000,313336000,,3.03
1996,Pennsylvania,YEAR,HAY,ALL PRODUCTION PRACTICES,"1,880,000",4585000,551175000,,2.44
1996,Rhode Island,YEAR,HAY,ALL PRODUCTION PRACTICES,"8,000",19000,2513000,,2.38
1996,South Carolina,YEAR,HAY,ALL PRODUCTION PRACTICES,"280,000",560000,46200000,,2
1996,South Dakota,YEAR,HAY,ALL PRODUCTION PRACTICES,"4,300,000",8200000,617300000,,1.91
1996,Tennessee,YEAR,HAY,ALL PRODUCTION PRACTICES,"1,790,000",3811000,172169000,,2.13
1996,Texas,YEAR,HAY,ALL PRODUCTION PRACTICES,"4,350,000",7815000,687795000,,1.8
1996,Utah,YEAR,HAY,ALL PRODUCTION PRACTICES,"705,000",2516000,173674000,,3.57
1996,Vermont,YEAR,HAY,ALL PRODUCTION PRACTICES,"250,000",507000,49562000,,2.03
1996,Virginia,YEAR,HAY,ALL PRODUCTION PRACTICES,"1,270,000",2962000,228415000,,2.33
1996,Washington,YEAR,HAY,ALL PRODUCTION PRACTICES,"800,000",3140000,371347000,,3.93
1996,West Virginia,YEAR,HAY,ALL PRODUCTION PRACTICES,"570,000",1066000,61986000,,1.87
1996,Wisconsin,YEAR,HAY,ALL PRODUCTION PRACTICES,"2,500,000",6050000,503325000,,2.42
1996,Wyoming,YEAR,HAY,ALL PRODUCTION PRACTICES,"1,220,000",2208000,165360000,,1.81
1995,Alabama,YEAR,HAY,ALL PRODUCTION PRACTICES,"720,000",1512000,75600000,,2.1
1995,Arizona,YEAR,HAY,ALL PRODUCTION PRACTICES,"195,000",1392000,109496000,,7.14
1995,Arkansas,YEAR,HAY,ALL PRODUCTION PRACTICES,"1,050,000",2011000,115359000,,1.92
1995,California,YEAR,HAY,ALL PRODUCTION PRACTICES,"1,470,000",8341000,780299000,,5.67
1995,Colorado,YEAR,HAY,ALL PRODUCTION PRACTICES,"1,400,000",4050000,354960000,,2.89
1995,Connecticut,YEAR,HAY,ALL PRODUCTION PRACTICES,"73,000",142000,17066000,,1.95
1995,Delaware,YEAR,HAY,ALL PRODUCTION PRACTICES,"11,000",31000,3268000,,2.82
1995,Florida,YEAR,HAY,ALL PRODUCTION PRACTICES,"230,000",575000,47725000,,2.5
1995,Georgia,YEAR,HAY,ALL PRODUCTION PRACTICES,"600,000",1500000,97500000,,2.5
1995,Idaho,YEAR,HAY,ALL PRODUCTION PRACTICES,"1,400,000",5080000,434785000,,3.63
1995,Illinois,YEAR,HAY,ALL PRODUCTION PRACTICES,"1,000,000",3398000,269890000,,3.4
1995,Indiana,YEAR,HAY,ALL PRODUCTION PRACTICES,"720,000",2400000,178160000,,3.33
1995,Iowa,YEAR,HAY,ALL PRODUCTION PRACTICES,"1,700,000",5665000,457763000,,3.33
1995,Kansas,YEAR,HAY,ALL PRODUCTION PRACTICES,"2,600,000",6555000,436573000,,2.52
1995,Kentucky,YEAR,HAY,ALL PRODUCTION PRACTICES,"2,400,000",5790000,398790000,,2.41
1995,Louisiana,YEAR,HAY,ALL PRODUCTION PRACTICES,"310,000",744000,34224000,,2.4
1995,Maine,YEAR,HAY,ALL PRODUCTION PRACTICES,"225,000",419000,35138000,,1.86
1995,Maryland,YEAR,HAY,ALL PRODUCTION PRACTICES,"205,000",552000,58593000,,2.69
1995,Massachusetts,YEAR,HAY,ALL PRODUCTION PRACTICES,"100,000",192000,22320000,,1.92
1995,Michigan,YEAR,HAY,ALL PRODUCTION PRACTICES,"1,350,000",5025000,331995000,,3.72
1995,Minnesota,YEAR,HAY,ALL PRODUCTION PRACTICES,"2,275,000",6943000,494497000,,3.05
1995,Mississippi,YEAR,HAY,ALL PRODUCTION PRACTICES,"725,000",1668000,85068000,,2.3
1995,Missouri,YEAR,HAY,ALL PRODUCTION PRACTICES,"3,450,000",7110000,478665000,,2.06
1995,Montana,YEAR,HAY,ALL PRODUCTION PRACTICES,"2,400,000",5360000,346840000,,2.23
1995,Nebraska,YEAR,HAY,ALL PRODUCTION PRACTICES,"3,150,000",7200000,407700000,,2.29
1995,Nevada,YEAR,HAY,ALL PRODUCTION PRACTICES,"480,000",1516000,143142000,,3.16
1995,New Hampshire,YEAR,HAY,ALL PRODUCTION PRACTICES,"68,000",137000,15060000,,2.01
1995,New Jersey,YEAR,HAY,ALL PRODUCTION PRACTICES,"130,000",285000,33855000,,2.19
1995,New Mexico,YEAR,HAY,ALL PRODUCTION PRACTICES,"345,000",1440000,162575000,,4.17
1995,New York,YEAR,HAY,ALL PRODUCTION PRACTICES,"1,600,000",3448000,285436000,,2.16
1995,North Carolina,YEAR,HAY,ALL PRODUCTION PRACTICES,"580,000",1406000,101210000,,2.42
1995,North Dakota,YEAR,HAY,ALL PRODUCTION PRACTICES,"2,700,000",5095000,209240000,,1.89
1995,Ohio,YEAR,HAY,ALL PRODUCTION PRACTICES,"1,250,000",4035000,330940000,,3.23
1995,Oklahoma,YEAR,HAY,ALL PRODUCTION PRACTICES,"2,170,000",4060000,267260000,,1.87
1995,Oregon,YEAR,HAY,ALL PRODUCTION PRACTICES,"1,100,000",3300000,303615000,,3
1995,Pennsylvania,YEAR,HAY,ALL PRODUCTION PRACTICES,"1,910,000",4409000,431085000,,2.31
1995,Rhode Island,YEAR,HAY,ALL PRODUCTION PRACTICES,"7,000",14000,1800000,,2
1995,South Carolina,YEAR,HAY,ALL PRODUCTION PRACTICES,"300,000",720000,46080000,,2.4
1995,South Dakota,YEAR,HAY,ALL PRODUCTION PRACTICES,"4,300,000",9050000,507300000,,2.1
1995,Tennessee,YEAR,HAY,ALL PRODUCTION PRACTICES,"1,750,000",3920000,172560000,,2.24
1995,Texas,YEAR,HAY,ALL PRODUCTION PRACTICES,"3,760,000",8136000,517212000,,2.16
1995,Utah,YEAR,HAY,ALL PRODUCTION PRACTICES,"695,000",2644000,169554000,,3.8
1995,Vermont,YEAR,HAY,ALL PRODUCTION PRACTICES,"300,000",559000,47443000,,1.86
1995,Virginia,YEAR,HAY,ALL PRODUCTION PRACTICES,"1,240,000",2538000,218055000,,2.05
1995,Washington,YEAR,HAY,ALL PRODUCTION PRACTICES,"760,000",3278000,328878000,,4.31
1995,West Virginia,YEAR,HAY,ALL PRODUCTION PRACTICES,"560,000",1056000,67488000,,1.89
1995,Wisconsin,YEAR,HAY,ALL PRODUCTION PRACTICES,"2,700,000",6820000,414020000,,2.53
1995,Wyoming,YEAR,HAY,ALL PRODUCTION PRACTICES,"1,300,000",2718000,189756000,,2.09
1994,Alabama,YEAR,HAY,ALL PRODUCTION PRACTICES,"730,000",1971000,92637000,,2.7
1994,Arizona,YEAR,HAY,ALL PRODUCTION PRACTICES,"195,000",1326000,133554000,,6.8
1994,Arkansas,YEAR,HAY,ALL PRODUCTION PRACTICES,"1,125,000",2505000,135700000,,2.23
1994,California,YEAR,HAY,ALL PRODUCTION PRACTICES,"1,470,000",8210000,853220000,,5.59
1994,Colorado,YEAR,HAY,ALL PRODUCTION PRACTICES,"1,330,000",4060000,368284000,,3.05
1994,Connecticut,YEAR,HAY,ALL PRODUCTION PRACTICES,"83,000",191000,23002000,,2.3
1994,Delaware,YEAR,HAY,ALL PRODUCTION PRACTICES,"15,000",61000,6283000,,4.07
1994,Florida,YEAR,HAY,ALL PRODUCTION PRACTICES,"240,000",744000,70680000,,3.1
1994,Georgia,YEAR,HAY,ALL PRODUCTION PRACTICES,"650,000",1950000,118950000,,3
1994,Idaho,YEAR,HAY,ALL PRODUCTION PRACTICES,"1,250,000",4438000,367651000,,3.55
1994,Illinois,YEAR,HAY,ALL PRODUCTION PRACTICES,"1,050,000",3000000,240600000,,2.86
1994,Indiana,YEAR,HAY,ALL PRODUCTION PRACTICES,"650,000",2110000,172350000,,3.25
1994,Iowa,YEAR,HAY,ALL PRODUCTION PRACTICES,"1,750,000",5775000,444225000,,3.3
1994,Kansas,YEAR,HAY,ALL PRODUCTION PRACTICES,"2,450,000",5925000,395603000,,2.42
1994,Kentucky,YEAR,HAY,ALL PRODUCTION PRACTICES,"2,250,000",5400000,415890000,,2.4
1994,Louisiana,YEAR,HAY,ALL PRODUCTION PRACTICES,"290,000",812000,39788000,,2.8
1994,Maine,YEAR,HAY,ALL PRODUCTION PRACTICES,"214,000",405000,37290000,,1.89
1994,Maryland,YEAR,HAY,ALL PRODUCTION PRACTICES,"200,000",668000,68804000,,3.34
1994,Massachusetts,YEAR,HAY,ALL PRODUCTION PRACTICES,"106,000",213000,25120000,,2.01
1994,Michigan,YEAR,HAY,ALL PRODUCTION PRACTICES,"1,400,000",4865000,340533000,,3.48
1994,Minnesota,YEAR,HAY,ALL PRODUCTION PRACTICES,"2,300,000",7530000,532030000,,3.27
1994,Mississippi,YEAR,HAY,ALL PRODUCTION PRACTICES,"750,000",1875000,97500000,,2.5
1994,Missouri,YEAR,HAY,ALL PRODUCTION PRACTICES,"3,450,000",6960000,455670000,,2.02
1994,Montana,YEAR,HAY,ALL PRODUCTION PRACTICES,"2,200,000",4540000,315836000,,2.06
1994,Nebraska,YEAR,HAY,ALL PRODUCTION PRACTICES,"3,300,000",7415000,391490000,,2.25
1994,Nevada,YEAR,HAY,ALL PRODUCTION PRACTICES,"470,000",1400000,131236000,,2.98
1994,New Hampshire,YEAR,HAY,ALL PRODUCTION PRACTICES,"79,000",163000,18035000,,2.06
1994,New Jersey,YEAR,HAY,ALL PRODUCTION PRACTICES,"120,000",273000,29640000,,2.28
1994,New Mexico,YEAR,HAY,ALL PRODUCTION PRACTICES,"320,000",1447000,173571000,,4.52
1994,New York,YEAR,HAY,ALL PRODUCTION PRACTICES,"1,660,000",3961000,329997000,,2.39
1994,North Carolina,YEAR,HAY,ALL PRODUCTION PRACTICES,"550,000",1279000,103021000,,2.33
1994,North Dakota,YEAR,HAY,ALL PRODUCTION PRACTICES,"2,800,000",4510000,207063000,,1.61
1994,Ohio,YEAR,HAY,ALL PRODUCTION PRACTICES,"1,280,000",4384000,382590000,,3.43
1994,Oklahoma,YEAR,HAY,ALL PRODUCTION PRACTICES,"2,220,000",4198000,273069000,,1.89
1994,Oregon,YEAR,HAY,ALL PRODUCTION PRACTICES,"1,010,000",2840000,255480000,,2.81
1994,Pennsylvania,YEAR,HAY,ALL PRODUCTION PRACTICES,"1,920,000",4528000,461384000,,2.36
1994,Rhode Island,YEAR,HAY,ALL PRODUCTION PRACTICES,"8,000",18000,2231000,,2.25
1994,South Carolina,YEAR,HAY,ALL PRODUCTION PRACTICES,"250,000",650000,51350000,,2.6
1994,South Dakota,YEAR,HAY,ALL PRODUCTION PRACTICES,"4,100,000",7330000,414940000,,1.79
1994,Tennessee,YEAR,HAY,ALL PRODUCTION PRACTICES,"1,700,000",3795000,193793000,,2.23
1994,Texas,YEAR,HAY,ALL PRODUCTION PRACTICES,"3,590,000",8455000,511475000,,2.36
1994,Utah,YEAR,HAY,ALL PRODUCTION PRACTICES,"685,000",2525000,196880000,,3.69
1994,Vermont,YEAR,HAY,ALL PRODUCTION PRACTICES,"325,000",648000,54516000,,1.99
1994,Virginia,YEAR,HAY,ALL PRODUCTION PRACTICES,"1,190,000",2311000,208377000,,1.94
1994,Washington,YEAR,HAY,ALL PRODUCTION PRACTICES,"710,000",2785000,268839000,,3.92
1994,West Virginia,YEAR,HAY,ALL PRODUCTION PRACTICES,"550,000",1110000,81720000,,2.02
1994,Wisconsin,YEAR,HAY,ALL PRODUCTION PRACTICES,"2,700,000",6550000,453450000,,2.43
1994,Wyoming,YEAR,HAY,ALL PRODUCTION PRACTICES,"1,130,000",2027000,167927000,,1.79
1993,Alabama,YEAR,HAY,ALL PRODUCTION PRACTICES,"720,000",1440000,113760000,,2
1993,Arizona,YEAR,HAY,ALL PRODUCTION PRACTICES,"185,000",1236000,114432000,,6.68
1993,Arkansas,YEAR,HAY,ALL PRODUCTION PRACTICES,"1,180,000",2390000,134890000,,2.03
1993,California,YEAR,HAY,ALL PRODUCTION PRACTICES,"1,380,000",7590000,758448000,,5.5
1993,Colorado,YEAR,HAY,ALL PRODUCTION PRACTICES,"1,400,000",4193000,319491000,,3
1993,Connecticut,YEAR,HAY,ALL PRODUCTION PRACTICES,"70,000",138000,16566000,,1.97
1993,Delaware,YEAR,HAY,ALL PRODUCTION PRACTICES,"17,000",45000,4692000,,2.65
1993,Florida,YEAR,HAY,ALL PRODUCTION PRACTICES,"250,000",650000,55250000,,2.6
1993,Georgia,YEAR,HAY,ALL PRODUCTION PRACTICES,"600,000",1140000,86070000,,1.9
1993,Idaho,YEAR,HAY,ALL PRODUCTION PRACTICES,"1,330,000",4844000,386904000,,3.64
1993,Illinois,YEAR,HAY,ALL PRODUCTION PRACTICES,"1,200,000",3916000,318216000,,3.26
1993,Indiana,YEAR,HAY,ALL PRODUCTION PRACTICES,"700,000",2282000,160613000,,3.26
1993,Iowa,YEAR,HAY,ALL PRODUCTION PRACTICES,"2,050,000",4803000,429234000,,2.34
1993,Kansas,YEAR,HAY,ALL PRODUCTION PRACTICES,"2,450,000",6430000,411805000,,2.62
1993,Kentucky,YEAR,HAY,ALL PRODUCTION PRACTICES,"2,220,000",5526000,433428000,,2.49
1993,Louisiana,YEAR,HAY,ALL PRODUCTION PRACTICES,"280,000",672000,32256000,,2.4
1993,Maine,YEAR,HAY,ALL PRODUCTION PRACTICES,"229,000",368000,33765000,,1.61
1993,Maryland,YEAR,HAY,ALL PRODUCTION PRACTICES,"210,000",550000,57806000,,2.62
1993,Massachusetts,YEAR,HAY,ALL PRODUCTION PRACTICES,"103,000",186000,21978000,,1.81
1993,Michigan,YEAR,HAY,ALL PRODUCTION PRACTICES,"1,400,000",5370000,364275000,,3.84
1993,Minnesota,YEAR,HAY,ALL PRODUCTION PRACTICES,"2,250,000",5970000,553590000,,2.65
1993,Mississippi,YEAR,HAY,ALL PRODUCTION PRACTICES,"720,000",1728000,77760000,,2.4
1993,Missouri,YEAR,HAY,ALL PRODUCTION PRACTICES,"3,550,000",7335000,465660000,,2.07
1993,Montana,YEAR,HAY,ALL PRODUCTION PRACTICES,"2,230,000",4806000,320094000,,2.16
1993,Nebraska,YEAR,HAY,ALL PRODUCTION PRACTICES,"3,450,000",7323000,359011000,,2.12
1993,Nevada,YEAR,HAY,ALL PRODUCTION PRACTICES,"505,000",1385000,129910000,,2.74
1993,New Hampshire,YEAR,HAY,ALL PRODUCTION PRACTICES,"91,000",135000,15701000,,1.48
1993,New Jersey,YEAR,HAY,ALL PRODUCTION PRACTICES,"120,000",231000,26073000,,1.93
1993,New Mexico,YEAR,HAY,ALL PRODUCTION PRACTICES,"325,000",1434000,147777000,,4.41
1993,New York,YEAR,HAY,ALL PRODUCTION PRACTICES,"1,750,000",3605000,307160000,,2.06
1993,North Carolina,YEAR,HAY,ALL PRODUCTION PRACTICES,"530,000",805000,63265000,,1.52
1993,North Dakota,YEAR,HAY,ALL PRODUCTION PRACTICES,"2,950,000",5043000,248670000,,1.71
1993,Ohio,YEAR,HAY,ALL PRODUCTION PRACTICES,"1,250,000",3475000,320325000,,2.78
1993,Oklahoma,YEAR,HAY,ALL PRODUCTION PRACTICES,"2,130,000",4248000,271386000,,1.99
1993,Oregon,YEAR,HAY,ALL PRODUCTION PRACTICES,"1,040,000",3066000,262794000,,2.95
1993,Pennsylvania,YEAR,HAY,ALL PRODUCTION PRACTICES,"1,880,000",4352000,451537000,,2.31
1993,Rhode Island,YEAR,HAY,ALL PRODUCTION PRACTICES,"9,000",15000,1908000,,1.67
1993,South Carolina,YEAR,HAY,ALL PRODUCTION PRACTICES,"230,000",414000,34569000,,1.8
1993,South Dakota,YEAR,HAY,ALL PRODUCTION PRACTICES,"4,000,000",8190000,488150000,,2.05
1993,Tennessee,YEAR,HAY,ALL PRODUCTION PRACTICES,"1,700,000",3478000,173917000,,2.05
1993,Texas,YEAR,HAY,ALL PRODUCTION PRACTICES,"3,485,000",7506000,455112000,,2.15
1993,Utah,YEAR,HAY,ALL PRODUCTION PRACTICES,"650,000",2530000,160765000,,3.89
1993,Vermont,YEAR,HAY,ALL PRODUCTION PRACTICES,"320,000",603000,55495000,,1.88
1993,Virginia,YEAR,HAY,ALL PRODUCTION PRACTICES,"1,200,000",2491000,222582000,,2.08
1993,Washington,YEAR,HAY,ALL PRODUCTION PRACTICES,"750,000",2835000,284580000,,3.78
1993,West Virginia,YEAR,HAY,ALL PRODUCTION PRACTICES,"530,000",1059000,96776000,,2
1993,Wisconsin,YEAR,HAY,ALL PRODUCTION PRACTICES,"2,800,000",6260000,513290000,,2.24
1993,Wyoming,YEAR,HAY,ALL PRODUCTION PRACTICES,"1,270,000",2608000,184840000,,2.05
